,GDP,Cars
0,18300.305,119.75741
1,75526.1,1894.2766
2,107953.92,2976.4976
3,40720.285,246.93921
4,86465.8,2248.9485
5,30479.633,1000.32947
6,27528.383,1097.3604
7,331704.22,6067.9463
8,73908.0,1241.1449
9,19737.121,446.10608
10,30577.645,214.95233
11,19517.486,112.73436
12,29045.604,380.64566
13,99254.86,2708.0952
14,47339.05,956.7437
15,23366.398,302.52917
16,62162.375,1670.9055
17,41647.035,984.36237
18,50391.39,306.5799
19,28080.527,1094.9208
20,1109702.5,15798.038
21,259146.38,3801.5488
22,910106.3,14159.338
23,35792.223,188.71904
24,293409.7,3639.1733
25,31417.38,1241.132
26,51870.74,1692.4724
27,8070.2246,109.441956
28,25261.973,876.1584
29,30434.857,490.32635
30,211970.92,4284.706
31,805019.75,14618.929
32,67400.016,2348.8167
33,60945.906,992.57855
34,34528.71,1177.2023
35,17797.678,300.4675
36,21306.2,345.4219
37,63040.09,1640.213
38,19571.541,341.3514
39,30563.88,962.72797
40,132182.17,3383.0974
41,24657.129,278.04092
42,1231641.0,23219.14
43,117763.86,1736.9501
44,300954.16,2024.7291
45,5904051.0,80544.414
46,70968.03,1964.9594
47,129040.734,1618.4279
48,349314.97,9395.15
49,21547.453,458.97516
50,659834.6,2407.1921
51,30733.584,368.6121
52,50173.266,380.19998
53,1005919.0,18421.3
54,22977.453,517.7427
55,56399.598,816.1314
56,48448.125,1859.079
57,55146.023,193.1559
58,30249.994,909.2254
59,1716602.2,17658.758
60,17246.938,335.3046
61,114085.26,3153.2043
62,934474.0,4781.102
63,11888215.0,142021.55
64,36424.633,1380.925
65,25147.1,495.15997
66,43836.58,1154.5259
67,545238.56,2252.8384
68,170057.42,3339.6096
69,110478.125,931.9908
70,17759.867,382.67825
71,99247.67,2539.857
72,1191967.4,7175.7827
73,26421.617,582.34753
74,379016.06,3683.762
75,25715.24,1004.4671
76,134632.66,1999.2235
77,70371.664,1133.0829
78,233669.89,5689.571
79,224173.88,4963.2427
80,29335.848,521.4383
81,56928.297,2119.792
82,18816.795,403.07272
83,144109.73,1306.5486
84,190120.06,3990.8608
85,36680.64,1291.8951
86,78173.27,2157.661
87,592850.8,4125.1084
88,50392.83,1635.3965
89,260773.58,3575.2395
90,21335.062,446.24594
91,24033.865,412.1328
92,1347900.2,30136.617
93,105169.01,839.51624
94,138293.84,3594.775
95,60400.72,1831.3259
96,164954.73,875.75635
97,150110.53,1459.589
98,8873.834,69.97625
99,16824.998,271.70508
100,340772.1,8714.314
101,28097.736,842.5201
102,33402.203,503.94183
103,25255.04,991.0725
104,1661724.9,21561.582
105,55071.965,482.20883
106,33464.53,1109.376
107,14437.311,104.58766
108,33852.86,944.28925
109,1036426.94,16012.098
110,129823.625,2936.5093
111,125504.42,2296.304
112,121445.27,2897.0933
113,73303.5,1538.3557
114,26400.043,889.3713
115,12158.189,120.75686
116,20745.941,480.9137
117,36893.742,1482.2195
118,34878.723,702.0003
119,157791.6,445.68652
120,458243.28,9132.179
121,64509.508,2243.1926
122,22630.238,656.90564
123,263947.7,4704.26
124,220574.58,1159.3434
125,31062.787,478.0535
126,157229.72,1699.9609
127,23937.451,830.65234
128,555115.5,3072.014
129,15607.116,158.34306
130,39148.77,1198.8252
131,17214.096,146.40204
132,26642.225,622.09827
133,194050.7,5296.541
134,135749.9,2243.301
135,31169.14,1196.0018
136,336763.25,2072.1687
137,472845.6,12025.942
138,20163.941,473.305
139,37964.246,1529.6002
140,980138.0,5792.78
141,7863.7837,109.4949
142,21746.146,517.46533
143,7988870.5,82256.766
144,26123.438,573.8109
145,117366.805,3154.1462
146,23662.006,477.58423
147,155580.47,732.10596
148,231215.28,1268.054
149,477370.3,11693.911
150,433673.78,7276.4634
151,40501.58,502.73016
152,279521.62,6358.829
153,921034.4,9819.357
154,2316935.5,11813.255
155,32463.26,1199.3794
156,19316.174,352.62625
157,10993.821,170.59789
158,336993.3,4078.013
159,43488.348,1634.3077
160,101332.39,2980.993
161,44599.465,1241.977
162,60968.258,1415.2242
163,119269.01,3435.3345
164,23960.592,373.41864
165,53391.348,394.4605
166,36962.14,490.39932
167,8685.21,67.489716
168,99120.91,2713.4211
169,74695.41,407.57278
170,75546.25,1825.7727
171,43954.465,548.43604
172,75197.44,456.7489
173,806469.75,18557.068
174,32219.062,1018.1048
175,91518.67,387.9175
176,20054.85,288.88474
177,2421706.0,13500.152
178,23480.252,426.3387
179,33248.965,136.82355
180,1002453.6,5116.325
181,79358.74,682.0501
182,15847.011,243.06151
183,10915.377,26.032272
184,23724.648,817.8609
185,23670.244,853.02844
186,7686.837,28.209196
187,179540.25,4381.156
188,23362372.0,305993.4
189,256037.88,952.6484
190,494688.3,13227.988
191,576450.75,3080.2888
192,23835.797,832.57983
193,80254.61,2060.703
194,117094.95,2806.396
195,23315.63,461.6477
196,68721.46,1015.2493
197,24171.05,578.59906
198,62809.195,1909.4869
199,39432.582,1580.7842
200,432673.56,9759.222
201,903718.6,7924.5596
202,56669.613,2088.016
203,273734.66,2423.6943
204,49934.86,1909.2406
205,22964.64,574.7845
206,96736.945,1501.1902
207,55951.754,412.89282
208,401525.4,7209.1875
209,14517.79,131.51793
210,66458.61,214.88896
211,388149.28,3380.619
212,529644.25,13782.092
213,105550.41,3107.529
214,282454.94,3280.44
215,26673.426,561.39374
216,28845.385,452.61264
217,608867.1,13932.748
218,43559.215,1658.221
219,104017.07,481.2288
220,7583562.5,73103.93
221,428094.2,5120.7227
222,33120.93,1051.2958
223,296393.72,3200.1414
224,468782.0,8551.727
225,108743.83,3192.247
226,602512.94,5189.683
227,2870372.0,33002.19
228,31359.0,869.6536
229,4875346.0,45158.785
230,19834.836,385.9287
231,45087.242,1498.7207
232,6202.878,82.782326
233,110908.125,2315.0474
234,151623.52,2887.693
235,83423.61,2183.9836
236,48199.656,1885.1733
237,18608.588,351.0016
238,26314.498,1056.493
239,51641.844,456.34036
240,18298.074,393.74222
241,146046.67,2456.2773
242,47405.418,1288.344
243,103546.016,1969.5665
244,82558.61,1106.3186
245,54259.12,2045.7667
246,21028.846,509.21933
247,18590.371,127.676735
248,41414.16,1206.4263
249,7822.3804,12.5031805
250,717808.4,5369.8936
251,26749.709,968.6693
252,22726.95,466.5896
253,105936.09,1728.044
254,13736559.0,58917.28
255,29646.14,521.9974
256,50829.934,1013.44794
257,49224.477,349.72156
258,43869.414,1747.1332
259,24246.672,268.91486
260,33105.223,1340.2883
261,138466.75,2628.2837
262,19848.713,87.36397
263,992268.56,4525.9053
264,479894.9,3059.1597
265,110918.84,3100.03
266,50098.51,1343.9073
267,3850891.5,63144.203
268,71026.34,734.66016
269,161111.7,3547.0293
270,254509.8,1155.6876
271,882278.6,17092.242
272,921963.2,5600.7593
273,24165.85,316.37814
274,45574.0,1642.2601
275,215290.08,5330.817
276,40858.492,1637.3215
277,147708.98,4124.044
278,12263.824,56.268303
279,150394.44,1751.949
280,39465.89,1375.8158
281,70424.99,1075.3679
282,105845.414,320.12518
283,23765.79,449.94345
284,196146.95,1632.1649
285,13076.781,67.87433
286,24917.55,818.0818
287,54467.85,1296.4023
288,67639.695,688.70795
289,38940.426,1523.9535
290,583637.7,5724.7554
291,456409.5,8865.648
292,20273.607,459.33713
293,46511.574,1341.9742
294,32612.555,62.295795
295,42526.6,1579.8662
296,32900.13,1245.6049
297,971798.0,6686.5996
298,16778.104,273.68146
299,90373.75,2149.0183
300,16159.783,184.45993
301,62847.758,1410.3141
302,1516400.0,7771.7983
303,51895.633,1660.9369
304,24284.451,467.7098
305,2298873.2,14020.849
306,318434.28,2925.5354
307,377421.44,1262.929
308,11582651.0,108284.65
309,29114.953,941.05176
310,58177.59,716.03613
311,23775.236,293.20486
312,35860.39,713.4292
313,266991.5,4332.7163
314,15194.433,79.05425
315,38946.2,172.5294
316,642305.5,11733.794
317,110217.28,1600.9337
318,30399.99,937.59106
319,6132818.5,50399.91
320,14482.24,130.81412
321,5938729.5,64014.62
322,8887.153,32.699566
323,2543388.2,11024.173
324,83988.83,1963.0864
325,14680.373,232.33856
326,275066.9,6876.6675
327,1069645.0,6806.3364
328,45439.695,1476.3059
329,72634.29,1033.6984
330,20891.455,503.33798
331,7831.455,37.0357
332,50809788.0,544898.06
333,82073.72,2077.2917
334,68808.74,1439.1501
335,199316.56,2567.3206
336,339919.72,9098.49
337,101617.38,1607.4772
338,3392232.8,21361.738
339,410797.62,6681.382
340,33443.56,290.27383
341,245077.64,6032.0493
342,39980.797,340.74686
343,28656.645,715.4361
344,88103.375,1507.6279
345,30053.977,764.28107
346,14877.932,235.3161
347,5301515.5,85800.02
348,35999.293,555.9691
349,46518.215,709.9064
350,58138.957,138.9483
351,251319.45,5440.647
352,512857.5,11842.891
353,232370.45,2982.6038
354,33025.824,910.47064
355,33702.625,1317.6327
356,22259.729,689.7546
357,1497541.2,8559.6455
358,10989.983,190.38368
359,49471.223,1240.0898
360,25246.72,558.2458
361,27124.754,889.6535
362,76432.22,2533.4023
363,35239.055,273.72144
364,218465.39,4121.084
365,255909.72,1030.7561
366,61024.18,983.38257
367,15376.946,314.6832
368,351598.66,3757.7432
369,9057.694,74.19124
370,35842.637,339.57767
371,3500321.2,32797.918
372,34770.59,670.95746
373,18436.375,408.12692
374,22075.531,536.5332
375,19437.227,167.11798
376,811369.7,10221.021
377,3328030.0,58742.88
378,161468.02,1099.1727
379,26831.04,589.0722
380,1649272.1,13147.063
381,70227.4,1471.8203
382,463168.56,2833.3833
383,54539.184,580.4606
384,3289139.0,41212.266
385,183473.02,4280.157
386,23596.68,768.33984
387,47218.41,1146.288
388,25994.201,115.10938
389,40325.42,505.64642
390,75364.82,2514.982
391,25183.516,571.0198
392,18522.953,338.61057
393,1239244.0,13945.803
394,179863.83,3398.2698
395,1052924.0,10973.958
396,3814357.2,63164.035
397,48674.14,1226.9763
398,131534.31,3772.661
399,15497.438,239.17616
400,32805.95,215.16365
401,83465.94,2661.407
402,209549.06,650.05896
403,75276.25,677.05524
404,15963.806,328.95435
405,36117.152,1048.6282
406,100716.23,593.25385
407,67016.305,2202.0955
408,736916.5,15998.268
409,56683.367,1017.61194
410,123685.97,2529.875
411,545212.8,3288.3518
412,2314177.0,33659.43
413,63109.273,2227.1487
414,24334.523,675.335
415,11301.979,100.990234
416,333652.2,6936.087
417,42609.094,1440.3167
418,23432.014,801.02
419,64790.387,1305.1608
420,751792.8,4580.26
421,44967.75,652.10596
422,451528.34,3391.648
423,113379.84,3109.2473
424,25922.121,991.53784
425,24291.998,734.9639
426,34929.195,1346.7375
427,3290049.0,27306.734
428,304381.3,4181.4775
429,138288.23,1423.5001
430,169029.86,636.0914
431,1856540.5,23662.371
432,62883.234,2083.1113
433,274169.88,4924.356
434,29918.396,972.54254
435,47213.02,1856.5181
436,982998.25,4955.328
437,117067.445,2772.8716
438,43480.516,726.32294
439,39954.6,1574.0513
440,15347.446,150.08812
441,17394.607,205.81682
442,2529386.2,27454.613
443,312829.3,3032.936
444,836781.75,6588.537
445,8568.983,110.85553
446,14073.364,61.145138
447,297476.1,3026.531
448,193304.31,2497.1697
449,73127.61,279.29416
450,425638.3,9920.398
451,417893.97,4678.143
452,124694.18,3620.7244
453,77884.22,710.6882
454,31089.982,454.3276
455,475127.1,6252.1733
456,92095.15,1450.2831
457,2088973.5,35375.434
458,22898.877,571.1289
459,120731.6,3450.7258
460,23434.973,431.33575
461,781184.5,18522.484
462,44617.59,1777.1112
463,36379.027,615.9484
464,110386.83,2002.51
465,63573.004,2139.702
466,155212.11,1657.7122
467,1269971.9,5574.2935
468,34484.344,369.6945
469,72439.086,1164.232
470,71738.69,1978.317
471,323530.6,1837.2551
472,258468.36,6165.3843
473,19007.79,192.18935
474,2218794.2,13111.415
475,14795.195,121.19352
476,85584.48,459.3379
477,315129.38,7029.8296
478,116350.75,1818.0333
479,195810.84,440.95004
480,32197.846,1099.6906
481,437033.62,4271.955
482,57802.125,244.72673
483,272648.22,1898.0063
484,282999.12,1520.8195
485,12303.179,50.902287
486,22374.771,375.55612
487,684533.0,15076.064
488,131359.97,3765.5347
489,20356.537,381.33524
490,1498992.2,25507.824
491,48452.33,293.19666
492,184025.81,2554.9927
493,41833.42,1327.7039
494,66878.336,1725.0526
495,34959.66,985.6699
496,21100.867,353.5175
497,58522.71,769.6659
498,1135450.4,4010.8877
499,28103.537,1079.9524
500,2242184.2,18865.533
501,87867.08,437.02258
502,97880.125,2769.6067
503,125049.14,1202.3837
504,75865.19,318.9425
505,284445.16,4915.3755
506,57736.92,1692.595
507,110269.2,3152.4497
508,39029.027,708.9782
509,23272.74,434.2875
510,39144.344,1372.0814
511,144408.61,1344.2667
512,85316.805,1427.6746
513,47131.703,181.91106
514,567830.94,4223.4336
515,25679.125,573.61
516,18335.602,325.9827
517,63190.117,1766.3374
518,46207.65,837.3396
519,59890.516,1108.4519
520,27364.09,1003.9302
521,210555.75,5968.885
522,300552.3,4966.033
523,51736.562,1535.7416
524,22528.62,383.49234
525,41222.086,1648.2095
526,42512.78,503.9778
527,104439.234,1857.5079
528,27455.307,573.7082
529,42426.05,1681.1434
530,37759.055,1417.3002
531,611978.3,13162.663
532,226884.05,2538.75
533,26701.906,601.0956
534,115278.17,641.3443
535,92079.48,2263.5295
536,50874.32,1609.2422
537,130619.58,2833.5823
538,27040.365,967.9501
539,17553.56,145.79921
540,1890090.4,13537.765
541,33264.19,1314.6508
542,1171609.2,4739.1733
543,33472.1,986.1327
544,36473.656,410.4038
545,275625.9,1574.3684
546,77767.75,562.9245
547,174944.53,3843.1365
548,1083729.0,21525.889
549,170299.95,2811.6223
550,46912.645,1476.6569
551,241913.36,4485.3696
552,1760364.5,25305.0
553,23706.447,587.46234
554,430833.8,8353.029
555,25164.805,824.6905
556,17607802.0,95091.31
557,241294.73,6013.504
558,528235.3,3836.2688
559,12710.181,226.00008
560,62857.555,2069.6084
561,47924.15,360.79797
562,34368.566,861.3
563,35645.273,618.26807
564,99401.766,472.87778
565,50039.96,841.99664
566,159372.03,3602.341
567,24603.691,386.84613
568,32229.57,622.8795
569,124622.19,3499.7527
570,222389.4,666.2303
571,27421.174,354.50787
572,85251.35,1617.4535
573,17520.865,369.75903
574,28112.734,741.0972
575,2337823.0,34516.164
576,16121.451,298.91537
577,34645.824,1363.8701
578,54910.574,1072.7529
579,86749.266,295.03137
580,153145.38,682.2325
581,104076.82,3072.493
582,1133860.8,24260.28
583,40967.516,1591.774
584,43752.332,1683.9617
585,58669.465,1886.3763
586,33422.38,735.42926
587,52382.566,995.2298
588,41565.17,534.63617
589,591402.3,12161.487
590,116102.67,2449.017
591,154904.3,866.594
592,44492.5,1745.078
593,74748.07,367.5474
594,147526.8,2360.904
595,40469.22,512.49835
596,89155.59,1515.7999
597,141567.27,3580.1282
598,1188867.1,17700.707
599,13428.114,256.98532
600,466867.1,3947.014
601,55181.94,1013.6783
602,46486.05,671.3115
603,50795.51,1917.4746
604,27587.113,516.92896
605,222366.69,3164.7473
606,1291270.5,29183.283
607,213474.6,4474.239
608,291679.06,4007.3396
609,351445.44,4600.397
610,363185.66,2649.4504
611,1212586.1,14116.448
612,979577.5,23493.455
613,10866.518,170.0846
614,555632.56,5033.037
615,56314.64,1885.9124
616,4303818.0,71655.555
617,3797037.5,59018.992
618,27926.242,815.28015
619,1182838.9,9004.901
620,109963.805,1642.6956
621,75958.125,2156.422
622,30014.965,1037.9825
623,20845.219,513.52435
624,720221.75,17702.709
625,155663.69,2074.4883
626,74768.35,1735.0107
627,27111.088,165.18265
628,570560.75,3070.1763
629,147742.06,1614.1412
630,49698.844,1842.9808
631,26377.184,540.9108
632,29943.834,656.7538
633,42758.5,1004.289
634,133982.05,3012.542
635,22689.676,562.90656
636,457856.53,9433.146
637,19037.469,90.47901
638,40308.82,566.36554
639,73462.71,1619.2694
640,36962.305,1160.3787
641,31750.562,731.6837
642,943972.56,11342.841
643,12310.529,166.47974
644,15045027.0,165295.77
645,34355.098,1323.497
646,32491.787,678.75415
647,5010175.5,82622.99
648,43148.613,1183.4695
649,329865.4,1904.0563
650,658868.94,16431.033
651,26263.928,420.0844
652,23546.6,737.2896
653,54854.05,2079.4504
654,8440.784,65.57631
655,2595823.5,40366.973
656,28014.596,755.79065
657,384164.72,8591.97
658,100699.64,3059.8584
659,24364654.0,286839.34
660,5143078.0,63980.754
661,810733.0,18211.01
662,37069.8,957.9825
663,67582.98,1875.3898
664,348585.47,8578.486
665,27059.55,986.55505
666,139877.44,3542.0632
667,69863.4,2332.956
668,55461.836,332.40277
669,139900.94,2822.9512
670,11309588.0,159692.75
671,23510.176,693.7591
672,27178.385,511.99554
673,40964.324,936.114
674,35024.703,170.95763
675,19780.596,433.61758
676,758115.7,7227.2334
677,43210.58,1084.4741
678,34671.895,1351.0228
679,3543775.0,51684.1
680,937047.7,5527.954
681,280365.66,7415.2495
682,30256.67,1220.5859
683,39856.28,954.6262
684,745467.8,11364.631
685,30161.246,1023.9909
686,182360.0,2069.564
687,43817.09,603.5269
688,23618.816,582.07043
689,75491.695,1488.6167
690,13534.48,92.921104
691,72592.91,2075.428
692,36363.336,89.01203
693,676844.1,14422.607
694,276372.56,4361.116
695,41517.875,1553.9951
696,19058.633,240.23325
697,21771.639,409.42514
698,66173.695,722.38257
699,268920.6,5579.964
700,32833.082,809.10657
701,32752.898,303.25647
702,23545.334,584.5339
703,679716.56,4424.498
704,153950.56,796.30145
705,43976.523,380.14737
706,241314.34,3570.395
707,1944740.9,19600.615
708,24255.592,673.17334
709,14258.434,241.23315
710,67487.99,1864.7305
711,111811.68,2229.402
712,40978.54,513.29126
713,21330.473,515.7184
714,217382.45,6141.565
715,92606.49,243.12451
716,26763.34,1060.0526
717,17179.484,228.23575
718,17596206.0,224341.55
719,22445.316,716.1859
720,288444.97,7623.8945
721,101033.43,2887.5806
722,215286.53,5721.438
723,758525.3,4084.5642
724,17203.816,371.0847
725,9755.156,73.84779
726,87171.28,2718.0833
727,52366.12,547.28046
728,23552.65,821.0206
729,162358.12,2977.5908
730,293257.34,3004.9192
731,69747.055,2395.0806
732,51574.867,1048.5724
733,69191.25,1742.4742
734,98966.055,802.1329
735,23643.205,744.23126
736,17213.68,161.69536
737,17181.07,135.23889
738,8507.196,113.42112
739,51602.11,1709.3978
740,56695.254,1062.9069
741,347580.72,2819.137
742,37717.164,767.6092
743,84116.83,2570.7546
744,16756.418,356.54218
745,47226.6,1722.4125
746,25102.217,731.39014
747,2090127.5,16466.9
748,63250.58,1704.9508
749,50916.51,1462.9028
750,69100.15,1423.4829
751,34281.133,1070.3229
752,69839.86,1990.4407
753,42011.69,1090.2656
754,23855.723,456.96484
755,1027395.9,7119.788
756,81953.414,331.82224
757,49597.016,1920.2493
758,30476.855,779.22235
759,24875.018,463.0778
760,17302.834,367.01407
761,67585.945,319.06143
762,485296.34,7037.8613
763,5000712.0,31207.287
764,167182.3,3303.5017
765,23584.299,798.5915
766,392786.66,6328.166
767,20591.084,306.25085
768,527780.8,10371.862
769,75757.4,552.17914
770,21214.205,226.14912
771,164554.6,1431.3214
772,57662.23,2141.0166
773,273842.25,7118.1816
774,43592.227,1727.2767
775,93926.13,2040.4558
776,1529375.2,9898.453
777,31100.293,754.11584
778,63427.496,1081.2253
779,36602.594,1473.0134
780,77178.61,1964.4674
781,44352.324,1505.0603
782,192309.14,2845.8528
783,765223.2,14615.815
784,360901.97,2165.8389
785,7171522.0,111057.4
786,118775.555,2533.4497
787,1110224.0,8049.137
788,549658.9,14551.687
789,39711.043,637.9161
790,186316.89,4564.2905
791,71941.72,1250.199
792,35511.246,1153.278
793,116376.43,3123.6409
794,57650.71,1699.9376
795,752421.2,4956.68
796,2083613.4,29328.73
797,94440.28,617.3997
798,52709.63,1936.8406
799,42451.914,1427.8455
800,39959.56,1512.5638
801,95008.34,896.74585
802,246302.61,1136.699
803,471474.38,5918.7715
804,342856.88,1356.2537
805,22160.162,639.1254
806,332773.4,8877.425
807,59753.37,1151.6786
808,18668.117,366.81085
809,110340.414,3163.3628
810,15822.861,99.93217
811,477313.72,10731.387
812,124928.516,2328.3154
813,25974.742,548.27856
814,639319.5,14752.858
815,133812.83,3785.5818
816,345460.03,8298.692
817,36835.78,1462.9149
818,75363.66,523.1377
819,5667590.0,88602.77
820,34210.633,1008.0589
821,143555.9,2384.9712
822,69512.51,1113.8099
823,874840.44,15844.245
824,103090.1,958.3449
825,74969.91,1770.1241
826,58182.38,876.6968
827,237426.55,4886.6914
828,197199.66,2069.605
829,38513.734,228.34102
830,65320.31,226.76476
831,31323.316,830.31177
832,233048.81,3471.5852
833,54031.43,216.97363
834,865270.5,12570.163
835,17465.664,334.2258
836,33046.535,1187.5691
837,21591.385,310.1339
838,135379.44,2740.8516
839,116311.8,396.42102
840,16560803.0,183413.61
841,1177723.9,24932.273
842,121069.836,3165.616
843,111934.88,2454.7607
844,217180.16,1342.3258
845,195462.0,2426.3118
846,595799.0,14239.878
847,260021.92,2669.9885
848,1555434.1,17113.012
849,63604.35,801.61035
850,38295.06,338.2871
851,158631.31,945.4413
852,1141826.2,18016.98
853,236603.17,4767.7817
854,173866.45,3327.2554
855,236739.34,2469.064
856,126430.11,2386.0962
857,111197.34,2048.1692
858,1680028.0,16248.402
859,122910.67,366.5731
860,56766.51,1735.3899
861,607345.5,12007.273
862,358544.84,8546.391
863,26484.44,1040.9214
864,14862.145,122.1505
865,177591.66,2615.1892
866,85310.99,2661.0388
867,161045.2,1446.287
868,14933.675,145.12204
869,323432.56,3949.7646
870,1506396.9,20378.877
871,5904.142,29.419802
872,500406.78,12209.8
873,10190.855,136.6602
874,269520.97,2058.8518
875,4195674.5,67612.445
876,27340.215,978.11426
877,23850.955,649.75464
878,28598.055,1043.2949
879,152604.9,4249.246
880,162226.44,1514.3037
881,126821.62,2365.6304
882,8910617.0,108899.63
883,817226.7,19971.701
884,21737.219,527.1872
885,4039157.8,49571.21
886,12013.366,58.98874
887,60183.85,723.4108
888,23087.637,475.33658
889,118550.16,3401.7268
890,42215.14,1599.912
891,278839.0,4678.844
892,26270.965,571.85205
893,113760.164,2555.6729
894,150880.53,4148.6772
895,108363.62,2772.6995
896,1147241.1,15322.039
897,357042.62,5074.8237
898,187053.16,2002.5936
899,75861.945,610.07434
900,5690861.0,24459.967
901,40572.79,271.80594
902,650736.3,9366.661
903,26080.277,632.6596
904,303567.97,5890.59
905,141872.86,1070.9159
906,55550.934,830.4868
907,276707.78,3073.1458
908,28616.43,166.16219
909,572396.7,12293.47
910,18426.742,246.40593
911,22930.879,276.84042
912,84511.66,2430.159
913,41383.48,1473.3936
914,35085.863,1134.8508
915,928731.7,5074.587
916,38684.188,1189.6793
917,68681.71,1828.22
918,20996.521,503.6708
919,59510.598,1789.9386
920,34178.645,1365.1796
921,33305.926,306.6457
922,141353.39,615.13873
923,54400.855,927.20746
924,146983.72,3706.1826
925,25717.809,1020.8948
926,20245.646,487.42032
927,581395.94,4158.9004
928,21891.127,524.1669
929,146926.6,3942.8752
930,51930.117,497.21823
931,53251.953,1487.6625
932,11417184.0,147897.88
933,347940.78,4152.4873
934,132097.73,1391.4753
935,266943.44,7243.7095
936,810064.75,18865.492
937,100592.336,2135.9556
938,12633.589,69.00703
939,24851.95,592.7645
940,98664.984,679.4972
941,9528.257,55.487385
942,73743050.0,839606.1
943,23395.87,716.3408
944,129290.62,1220.4988
945,6734165.5,88409.1
946,3143256.2,34503.812
947,12440.837,64.147285
948,571501.8,3015.719
949,42002.098,420.409
950,67475.02,1789.5358
951,40992.4,1588.3478
952,18106.676,235.3648
953,101225.52,2458.942
954,38442.8,640.03906
955,32331.113,1217.1292
956,56624.273,1187.781
957,180780.52,3790.9868
958,35119.777,409.77167
959,494756.22,7211.1426
960,86388.555,2499.212
961,476640.78,2756.5374
962,469282.53,2616.5793
963,22815.63,731.0806
964,290923.28,1887.0029
965,33186.16,54.54305
966,20344.627,193.41173
967,85909.47,1582.8005
968,2769752.8,49835.34
969,595178.5,4390.134
970,47613.395,1010.86914
971,29101.562,1074.2604
972,78890.66,2145.4465
973,20196.336,184.715
974,481123.66,10220.864
975,19468.496,266.59695
976,155085.2,1994.3422
977,26585.127,908.49695
978,26728.893,1026.9031
979,490239.4,7635.4883
980,62650.85,2250.3699
981,7327935.5,102477.43
982,63543.414,1820.2773
983,31316.473,353.60657
984,532106.9,9306.032
985,19088.246,277.1444
986,1101421.5,24313.879
987,103067.125,2068.083
988,30529.236,884.8898
989,584460.44,8968.079
990,15105.855,103.79113
991,33392.668,947.41986
992,1271582.0,20494.752
993,47870.242,908.2531
994,12121.016,137.59586
995,775468.25,4394.918
996,25553.88,916.2907
997,143524.53,2462.7434
998,36831.734,1132.7452
999,48967.242,711.3201
1000,143544.39,2022.1708
1001,1005342.6,9586.648
1002,35964.883,328.2542
1003,209001.05,3909.4004
1004,62851.414,492.55292
1005,29733.373,294.21957
1006,56377.496,1748.9459
1007,3382819.0,33025.17
1008,818217.9,3499.2454
1009,7099960.0,99536.09
1010,390006.28,5693.958
1011,797297.5,6174.828
1012,2432338.5,36401.883
1013,123376.055,3535.5747
1014,119461.4,325.95245
1015,708905.44,3459.6997
1016,42352.703,1515.0254
1017,19136.32,204.889
1018,2020474.1,12356.544
1019,196005.94,2829.8545
1020,540555.2,13869.696
1021,28096.35,581.2763
1022,29144.857,744.22595
1023,207938.77,4293.14
1024,39006.152,1563.0421
1025,20924.283,233.06737
1026,56793.883,891.26666
1027,6247.661,25.365843
1028,2760620.2,42410.777
1029,28325.527,482.04843
1030,77447.1,1035.717
1031,34949.91,948.15137
1032,87721.72,2768.88
1033,7561.8906,87.57224
1034,28265.598,355.83353
1035,35833.156,1446.9088
1036,75492.19,1956.3828
1037,31900.783,467.1804
1038,5357809.0,70771.016
1039,22984.922,228.10936
1040,1989571.1,28032.379
1041,776263.06,6605.8926
1042,771258.4,2554.2437
1043,119772136.0,799744.44
1044,41741.477,1073.8606
1045,305608.62,3033.329
1046,2539283.8,27948.787
1047,109786.1,1808.3708
1048,19857.3,156.34996
1049,330009.6,1952.6445
1050,9614862.0,96926.72
1051,329992.9,8062.9575
1052,38473.5,616.81366
1053,8997.218,82.58345
1054,150788.95,1394.715
1055,15853.015,199.8621
1056,959395.06,16102.151
1057,26999.158,260.96045
1058,1703966.5,35400.727
1059,22642.068,557.5827
1060,25880.941,739.375
1061,62768.383,1091.2106
1062,2566917.5,22560.848
1063,23183.732,627.6311
1064,167381.22,4624.033
1065,269600.88,4857.132
1066,2153090.0,33853.605
1067,641002.2,7427.3945
1068,5403273.5,64952.85
1069,1213385.1,6922.3696
1070,48426.32,340.34415
1071,60360.08,502.0616
1072,2795428.0,25287.697
1073,45066.754,556.8531
1074,92190.85,2050.0466
1075,57190.355,1681.6926
1076,310298.25,6210.6504
1077,78383416.0,879084.8
1078,31237.695,793.97656
1079,551817.0,3908.7737
1080,3562622.0,34531.21
1081,26616.496,1041.2539
1082,70883.77,2336.3076
1083,183002.64,4043.795
1084,160443.55,3737.3716
1085,78467.71,1340.8351
1086,1409239.9,9918.558
1087,3143370.0,17399.0
1088,132355.88,3359.801
1089,33700.44,375.58868
1090,132130.81,3786.9307
1091,35628.605,202.54417
1092,5655804.0,64729.31
1093,195105.44,1179.3375
1094,52384.062,1609.2501
1095,14891578.0,166510.0
1096,2223840.2,11004.787
1097,29859.918,84.61868
1098,63974.36,267.1126
1099,40155.23,1531.394
1100,37793980.0,406810.06
1101,17441.691,118.16751
1102,349546.7,2330.4946
1103,1481671.9,18357.398
1104,141636.14,2096.9705
1105,4137789.2,32022.59
1106,44727.508,215.63832
1107,28777.467,1049.8142
1108,26984.104,877.13727
1109,59894.99,968.7746
1110,8997.445,145.26903
1111,235287.69,3730.2014
1112,83806.805,1387.2842
1113,1200701.0,17161.256
1114,34134.914,428.20398
1115,2483926.5,15269.306
1116,127004.3,472.57465
1117,23062.707,636.66187
1118,38005.41,974.51086
1119,800677.56,6554.9707
1120,139801.6,3659.1082
1121,23218.197,760.9389
1122,88309.66,424.8523
1123,23963.064,724.15625
1124,241376.36,2847.0903
1125,103436.36,2606.834
1126,4002705.0,29973.535
1127,235305.25,5063.214
1128,945525.4,4512.818
1129,150654.08,543.6476
1130,67773.5,2304.71
1131,3674211.0,9124.301
1132,35550.258,910.8346
1133,22175.959,369.61087
1134,102645.555,1785.2213
1135,39414.664,1363.3162
1136,35445.492,1267.8096
1137,27975.713,275.4415
1138,17182182.0,195273.03
1139,494414.1,5129.583
1140,19874.969,283.84665
1141,133331.06,3720.9773
1142,27540.719,1025.1147
1143,15054.775,98.78584
1144,119967.055,2874.5051
1145,468302.03,8322.777
1146,39633.38,1502.3551
1147,27256.053,311.29297
1148,1098876.5,11415.254
1149,158500.22,1822.276
1150,1292567.0,10116.164
1151,28330.441,150.52594
1152,16621.299,263.48788
1153,57736.35,448.91534
1154,30846.496,1214.6307
1155,28458.637,251.0937
1156,14523.514,292.0399
1157,78863.29,2145.9553
1158,67968.375,1483.513
1159,19498.701,376.0366
1160,1743464.5,32618.643
1161,45815.12,820.6097
1162,129380.086,3385.156
1163,676546.2,16710.67
1164,78857.41,2581.116
1165,806794.75,4940.1797
1166,41012.613,297.9213
1167,166755.7,1669.6318
1168,311825.6,7012.5654
1169,725175.5,3325.882
1170,5884571.5,89539.65
1171,3494595.8,52443.797
1172,44724.07,879.4796
1173,131209.19,3231.9543
1174,24525.234,368.63232
1175,33745.02,1312.4551
1176,32060.69,187.67245
1177,15969.591,250.04016
1178,22978.992,796.8949
1179,288894.4,3424.5205
1180,58634.367,2105.4858
1181,102528.52,2997.6514
1182,90864.46,1689.7346
1183,30487.031,358.08926
1184,808695.3,13883.409
1185,123529.086,2248.4966
1186,237268.62,664.685
1187,62394.316,373.6434
1188,33546.164,807.86115
1189,709948.44,4416.291
1190,22260.34,543.67474
1191,43014.562,456.12296
1192,112253.89,2879.6794
1193,18574.232,76.698204
1194,21016472.0,190173.5
1195,73346.98,2022.4495
1196,16892374.0,227146.27
1197,11885.356,118.49277
1198,1419230.4,11942.429
1199,1389156.6,13307.045
1200,52051.02,1714.937
1201,30335.373,795.7561
1202,137317.62,3388.0713
1203,253054.73,3630.7202
1204,801260.6,20131.182
1205,480685.4,3761.192
1206,37370.824,346.39474
1207,57700.355,1331.8527
1208,256669.77,806.6513
1209,54019.152,1862.7936
1210,90366.5,2345.0583
1211,1569311.8,32133.533
1212,2346883.2,35881.066
1213,40347.164,1156.1616
1214,49512.63,1861.25
1215,13105.672,115.62099
1216,101508.555,1162.2396
1217,306233.38,993.9991
1218,232272.25,1644.7305
1219,29258.068,1121.86
1220,57659.887,191.98593
1221,51276.176,1340.1
1222,69709.695,637.7911
1223,22954.709,415.61432
1224,68582.62,489.89316
1225,139670.25,675.3028
1226,75566.08,2331.2673
1227,70486.88,695.364
1228,1276175.2,21851.29
1229,150464.31,3171.1628
1230,107438.13,1550.5524
1231,94039.33,1532.9763
1232,154093.8,3464.9648
1233,24094.158,433.87476
1234,58720.375,372.58728
1235,259299.5,3256.686
1236,24889.77,620.4806
1237,150130.64,1621.7639
1238,12044.535,55.68924
1239,24769138.0,298830.72
1240,48538.8,1424.3976
1241,29405.535,820.4849
1242,39409.473,1566.5504
1243,364116.75,2541.3604
1244,36969.527,1078.0343
1245,74483.78,1000.49915
1246,333470.53,7902.317
1247,28754.537,626.2255
1248,154906.52,2595.1096
1249,116886.99,3375.4895
1250,105032.03,623.0649
1251,12744.543,174.30702
1252,24326.35,666.06903
1253,4543386.0,61725.81
1254,547782.2,3054.8884
1255,13023.407,196.81949
1256,25857.51,812.56165
1257,54334.594,150.6497
1258,50736.26,826.6609
1259,137499.88,3180.5847
1260,23144.691,459.21964
1261,27041.701,124.52521
1262,18951.732,310.25226
1263,64204.67,2279.7214
1264,3242749.2,24368.96
1265,322280.5,7459.226
1266,433823.3,3522.6172
1267,184423.48,1085.8717
1268,205222.0,1702.4648
1269,100533.16,2152.31
1270,19172.873,397.52725
1271,28124.959,563.9895
1272,112389.555,2663.6228
1273,11866.71,76.07278
1274,164086.6,1289.7834
1275,25998.824,483.76846
1276,79676.98,2460.072
1277,9671539.0,60254.004
1278,1511597.6,20776.691
1279,127918.99,2098.0679
1280,1111109.4,12137.889
1281,474591.62,2588.9524
1282,76314.07,2264.8135
1283,20158.895,167.30919
1284,215544.81,2936.5688
1285,112241.445,572.9264
1286,26252.512,909.88605
1287,1397191.9,8399.237
1288,198281.08,1373.8323
1289,300985.22,3840.4453
1290,90882.516,482.44583
1291,25388.406,504.04532
1292,54866.7,823.00446
1293,776569.94,11884.391
1294,255217.77,6927.6006
1295,26969.205,407.24268
1296,114393.44,1442.2711
1297,23854.465,275.46994
1298,97381.88,438.1988
1299,269417.4,4335.9546
1300,102612.875,451.45102
1301,116465.914,2996.0276
1302,36661.758,105.45994
1303,204672.05,1453.5862
1304,26251.244,714.3643
1305,137466.38,741.8474
1306,80892.625,1051.2231
1307,1023818.4,9820.096
1308,66130.914,341.49274
1309,80063.8,1918.6887
1310,22748.545,348.64673
1311,171119.97,3290.5278
1312,50435.95,248.07567
1313,16580.543,178.2764
1314,32159.334,1015.3285
1315,19845.053,189.79001
1316,14402.685,117.089554
1317,225879.88,2690.9368
1318,25445.28,804.97424
1319,8535025.0,130522.38
1320,23781.164,716.532
1321,9421.031,68.16288
1322,102391.164,2742.4229
1323,14377.216,77.15442
1324,151836.92,4110.3154
1325,18759.84,108.92462
1326,27773.871,765.82666
1327,23998.715,866.4275
1328,97524.305,1785.2909
1329,304765.88,2477.7202
1330,80657.336,377.4975
1331,25932.37,294.4364
1332,39771.17,1499.0062
1333,10803.502,188.12396
1334,118123.34,3446.8428
1335,437049.94,10659.367
1336,52804.164,284.22897
1337,21393.684,298.3239
1338,25201.219,657.29626
1339,258438.58,6025.1123
1340,17585216.0,150033.08
1341,1940583.8,20449.975
1342,44962.617,629.0088
1343,1180490.5,7651.782
1344,59819.277,1230.1057
1345,252802.84,2131.5068
1346,33969.215,1214.0588
1347,40946.066,354.08484
1348,945794.3,13772.501
1349,22585.607,92.09911
1350,164273.34,3484.326
1351,179972.1,1433.6405
1352,55442.35,1706.7357
1353,16083.97,299.4638
1354,508304.9,9326.464
1355,23497.453,154.30373
1356,61591.293,2190.2861
1357,223461.95,5697.8726
1358,950211.75,4659.4277
1359,1023295.75,9913.588
1360,52052.676,779.4474
1361,35034.203,1210.2073
1362,16156.288,147.36903
1363,66827.69,2091.4407
1364,52935.355,1997.6372
1365,77750.84,2568.2297
1366,51484.004,1082.8174
1367,123762.586,3383.8665
1368,338045.0,6843.094
1369,1136690.2,5075.1387
1370,1803170.4,23065.973
1371,719658.94,3503.8608
1372,129895.914,2907.9507
1373,18373892.0,256690.34
1374,29579.002,357.74033
1375,92657.24,2821.8728
1376,58120.258,763.11304
1377,519767.78,8974.363
1378,92307.53,954.0442
1379,50077.56,452.21997
1380,33927.168,1128.9786
1381,88970.19,2111.8806
1382,19787.395,158.88371
1383,23286.568,813.60345
1384,40632.438,1633.4198
1385,781690.7,3893.1875
1386,13378.902,83.74175
1387,29750.812,944.8363
1388,67053.1,695.9399
1389,20989.1,276.75974
1390,51811.77,1959.1967
1391,22944.53,761.80286
1392,32484.51,107.10793
1393,22444.602,277.9178
1394,16914.31,145.49634
1395,45593.22,656.3213
1396,26436.969,917.1875
1397,20006.135,265.6718
1398,592599.56,10422.354
1399,39747.902,762.0702
1400,23467.416,779.3237
1401,26393.318,815.62036
1402,23119.828,419.08447
1403,28453.107,957.7227
1404,936241.44,3476.3396
1405,263913.2,4187.434
1406,42128.88,1659.1115
1407,43030.953,399.22852
1408,106806.77,1879.137
1409,68146.664,425.45587
1410,29772.02,1202.3243
1411,49308.43,1896.2567
1412,17149558.0,216488.55
1413,97959.36,2993.946
1414,1024644.94,8299.025
1415,300681.7,3030.3513
1416,171766.94,2136.3132
1417,202553.84,5049.776
1418,34682.17,1334.875
1419,285557.28,6312.3823
1420,13628.859,262.59244
1421,124931.94,3611.517
1422,922810.8,4617.0425
1423,12886998.0,148671.22
1424,387133.34,10371.43
1425,26693348.0,183365.28
1426,24632.207,109.65034
1427,693473.9,17899.072
1428,179648.9,3953.1292
1429,2654379.8,44923.387
1430,76843.016,2543.6956
1431,15919.208,331.03094
1432,29821.453,1034.5311
1433,1415110.0,15475.505
1434,223637.69,2657.366
1435,452749.06,5302.613
1436,295409.3,5284.9346
1437,35232.438,492.54834
1438,30676.137,573.9848
1439,147107.06,2772.089
1440,249888.67,6883.7534
1441,85067.43,2298.3584
1442,15577.089,59.52811
1443,76805.73,668.28235
1444,46457.22,1841.7721
1445,203590.62,2190.1309
1446,1137533.0,20847.004
1447,24667.934,675.0607
1448,75618.45,1807.3575
1449,15822.4795,100.88628
1450,45404.688,678.6591
1451,58510.375,537.9592
1452,27312.13,871.45825
1453,77135.32,716.0349
1454,587866.9,3792.1274
1455,23131.05,648.1422
1456,57304.06,348.29587
1457,29164.385,222.37305
1458,139300.4,2459.5818
1459,317722.2,2152.584
1460,101481.02,2862.2354
1461,17079.693,364.71292
1462,100131.95,2612.123
1463,584797.44,11997.535
1464,265801.38,1778.0872
1465,30805.95,1025.8274
1466,93082.14,2630.8967
1467,356550.97,4013.0107
1468,304898.44,7619.673
1469,178033.06,795.21326
1470,52621.16,1402.8848
1471,1639063.5,25690.857
1472,310054.06,4146.0205
1473,3639920.5,33757.027
1474,194171.97,1655.3932
1475,88399.68,2602.2185
1476,36340.266,522.3743
1477,67988.52,2140.2363
1478,587935.3,10330.0625
1479,267806.22,6318.71
1480,501000.5,8833.255
1481,35275.906,1412.6239
1482,71938.95,1932.188
1483,23925.285,578.99756
1484,288822.4,2553.5398
1485,53314.957,1102.3749
1486,25837.672,282.24585
1487,1180175.6,8532.12
1488,13627.348,66.469826
1489,1049596.4,7452.3496
1490,109506.69,3108.9812
1491,394406.38,4857.2495
1492,33142.1,1067.937
1493,842244.94,6855.7173
1494,468553.53,2184.3638
1495,37368.24,545.94934
1496,21857.432,208.59607
1497,38126.24,330.26004
1498,4630506.0,78369.73
1499,355925.94,3166.5217
1500,19594.719,437.61847
1501,30009.857,307.1469
1502,49024.805,1538.441
1503,53054.867,1844.9143
1504,863827.7,20556.455
1505,14531.936,198.45815
1506,1305410.1,5417.9976
1507,3401299.0,47235.47
1508,578279.0,14178.551
1509,17432.195,380.09293
1510,96953.01,2659.5784
1511,23471.488,655.67883
1512,34242.12,1251.1327
1513,211041.56,5750.5273
1514,139492.78,2159.7585
1515,38443.94,43.279175
1516,120682.43,843.61005
1517,589811.6,7194.3574
1518,60871.406,1075.4553
1519,815490.5,15879.546
1520,1501985.6,31208.145
1521,43586.63,1654.9315
1522,49990.375,1842.3678
1523,73257.31,615.22723
1524,318426.6,7153.3833
1525,130979.76,3759.7551
1526,22493.053,693.5592
1527,56516.387,707.89044
1528,21965.379,665.9502
1529,38729.914,78.376785
1530,76179.54,550.91284
1531,182060.9,4181.967
1532,16312.252,104.26005
1533,27159.562,467.30405
1534,48081.312,633.65686
1535,117365.26,2970.903
1536,33375.81,1210.7163
1537,16450853.0,184850.83
1538,135984.27,1109.9193
1539,88962.766,2066.7642
1540,145884.64,4124.0146
1541,120323.62,3517.1467
1542,32439.316,1059.7594
1543,67360.66,566.0006
1544,24108.607,700.97943
1545,49483.17,1808.4761
1546,126873.984,3672.6199
1547,43182.215,1108.2146
1548,55287.766,812.8378
1549,6583005.5,105781.164
1550,75242.78,1934.3307
1551,68833.68,311.84015
1552,1003931.8,6426.282
1553,90416.23,2752.4062
1554,753101.44,15323.2
1555,27403.566,265.98676
1556,904841.56,5056.7446
1557,31799.16,1253.8853
1558,124244.97,2851.1133
1559,165199.97,864.8398
1560,280396.44,1254.0676
1561,28518.191,488.07715
1562,38410.4,1531.6959
1563,14134.967,170.44904
1564,129374.4,3023.0935
1565,60609.58,2045.6633
1566,52867.164,1651.092
1567,30959.28,1005.9339
1568,42340.89,148.9166
1569,55647.082,364.22913
1570,593769.3,13567.556
1571,51588.117,802.2258
1572,3512876.5,59870.92
1573,75316.09,143.671
1574,2503332.8,37216.332
1575,82330.766,1505.0007
1576,27071.766,197.33513
1577,18406.46,294.7589
1578,33323.92,1138.2045
1579,11434.032,153.0525
1580,98174.06,1643.4686
1581,799263.44,3971.4226
1582,31957.576,1224.7407
1583,35366.773,640.1241
1584,482323.75,9819.072
1585,745228.0,3794.216
1586,235394.66,2963.8787
1587,32417.773,828.8717
1588,223203.25,2295.873
1589,52078.344,1560.9078
1590,19227768.0,218614.88
1591,40912.855,1451.3359
1592,83042.8,1579.6885
1593,15082.753,126.258995
1594,217754.16,4587.3433
1595,12129.643,105.959656
1596,29412.703,1189.2451
1597,68951.53,1401.3353
1598,2726766.5,30607.336
1599,34243.062,334.45615
1600,121343.05,3092.3625
1601,569312.94,9817.498
1602,469118.22,7622.882
1603,48553.938,1852.1011
1604,55955.008,592.42847
1605,113242.5,1487.469
1606,22212.0,603.60675
1607,90106.625,2216.3545
1608,14858.571,71.48931
1609,26468.887,312.49152
1610,357164.56,6439.9746
1611,20806.096,306.2396
1612,481095.12,12572.109
1613,216572.94,1827.0331
1614,904196.0,18005.787
1615,34099.63,959.42773
1616,925761.94,22012.676
1617,425038.7,5398.281
1618,103513.5,2409.2493
1619,132923.4,2639.4783
1620,107936.375,270.1501
1621,290946.62,5139.3384
1622,1116900.9,9558.681
1623,20029.125,457.2361
1624,101333.39,2358.637
1625,828470.0,4630.59
1626,40456.113,1553.3452
1627,17404.521,280.52454
1628,49839.227,1113.206
1629,1515341.5,15745.533
1630,25994.143,956.08057
1631,16436.7,246.5989
1632,209477.06,4656.275
1633,22767.61,603.8649
1634,22002.865,629.2056
1635,330612.34,6369.8174
1636,282925.5,5635.5464
1637,29432.377,417.81345
1638,102750.53,663.6921
1639,105078.87,325.82224
1640,11990.635,103.28367
1641,81810.92,1482.873
1642,59423.434,2076.9336
1643,140461.33,3759.016
1644,300336.9,4591.4604
1645,56502.67,67.86634
1646,18530.64,406.45935
1647,413285.38,2703.9832
1648,26971.574,388.22858
1649,23012.7,699.5347
1650,183573.38,1532.8298
1651,20640.951,288.4749
1652,27114.959,656.5725
1653,32326.145,215.7925
1654,27594.596,334.47086
1655,5248613.5,26985.053
1656,34569.562,617.80457
1657,27062.195,327.2565
1658,14658.806,149.72832
1659,97428.945,2950.1904
1660,74344.07,702.4726
1661,19531.012,346.86172
1662,65120.66,2170.5786
1663,178956.92,5006.5654
1664,24082.89,860.1933
1665,152036.95,4298.413
1666,154725.66,3672.868
1667,19542.617,426.7162
1668,331245.66,7603.489
1669,35690.23,1239.2705
1670,69339.24,1602.644
1671,29314.18,274.37375
1672,19439.02,427.9363
1673,138905.9,870.4714
1674,83853.375,1682.5903
1675,1490160.5,31577.88
1676,51361.543,1754.5468
1677,370031.53,4682.033
1678,21140.566,505.3972
1679,72918.11,374.17422
1680,23583.16,769.8053
1681,43726.785,1100.7463
1682,162205.06,1763.42
1683,51596.613,1972.8292
1684,3068718.8,12209.907
1685,107536.555,3196.447
1686,424377.9,4211.6787
1687,4834.966,28.3626
1688,17156.074,340.80353
1689,28895.596,378.94327
1690,40882.95,1633.2145
1691,3707151.2,61680.758
1692,823595.2,4838.5186
1693,61192.184,693.21277
1694,22327.752,345.80365
1695,33753.99,1021.3539
1696,182404.66,1194.4015
1697,24435.836,800.8191
1698,24775.34,423.81754
1699,148104.08,2004.3875
1700,45200.254,216.43163
1701,36775.203,986.6931
1702,29458.758,436.4019
1703,6517509.5,84819.72
1704,19114.88,410.2585
1705,24352.672,582.9518
1706,44565.938,1025.2267
1707,29011.691,1065.3645
1708,84483.08,1498.6129
1709,14861.23,296.1982
1710,137935.06,2879.1294
1711,18534.406,218.52188
1712,38958.258,1521.1226
1713,91801.164,1260.587
1714,25384.615,595.1269
1715,72123.23,2450.8127
1716,254896.55,6497.4106
1717,30508.025,1233.0637
1718,283675.75,1013.99274
1719,79258.17,576.55743
1720,4708.616,25.117897
1721,148279.16,3775.7314
1722,22564.191,527.93384
1723,24194.602,465.5641
1724,1659232.6,5710.9126
1725,51119.68,402.0868
1726,206516.73,3493.2224
1727,29614.064,449.0825
1728,1223054.2,8032.169
1729,17624.357,385.83698
1730,2231101.5,20932.693
1731,13627.797,207.87497
1732,1494686.2,32531.408
1733,26803.215,1088.1901
1734,121445.81,2835.4185
1735,24711.197,676.1411
1736,44913.08,1144.2358
1737,895349.3,6249.565
1738,78932.766,381.9749
1739,16166.616,118.26629
1740,46522.71,1806.4479
1741,178130.64,3993.7803
1742,28705.99,195.31763
1743,15763.714,99.71526
1744,39956.49,1253.4799
1745,28461.074,402.33453
1746,1108961.9,19905.938
1747,37940.12,1218.265
1748,1185952.0,25176.44
1749,23006.258,145.65553
1750,80846.09,344.54068
1751,54991.24,760.8366
1752,224351.16,4798.7886
1753,8110375.0,116023.54
1754,126427.195,363.36853
1755,138265.61,2454.3215
1756,21108.19,291.2843
1757,34144.023,1054.6798
1758,135959.48,1681.7638
1759,22788.994,567.6979
1760,19029.13,260.09445
1761,161333.16,4616.9917
1762,27807.436,859.39087
1763,2135378.8,6701.1924
1764,1135611.2,4007.7312
1765,45338.48,230.39624
1766,74596.15,2481.6584
1767,238086.73,5554.407
1768,251146.78,4192.994
1769,40491.04,961.06506
1770,3645047.5,60519.742
1771,72678.72,2457.5452
1772,55393.86,1352.6881
1773,12496.898,228.36258
1774,18375.707,405.04648
1775,30158.465,1030.7177
1776,59505.695,737.35236
1777,68975.15,1945.3015
1778,76305.94,290.57852
1779,43336.867,1481.7671
1780,33686.973,1273.8003
1781,146947.73,2439.805
1782,16750.457,29.26521
1783,1500475.9,9419.594
1784,148221.38,3450.2012
1785,716882.1,4888.6367
1786,10851.435,69.65201
1787,68697.93,855.3736
1788,33294.37,118.49251
1789,24793.543,481.64215
1790,39784.492,1486.2087
1791,2941790.2,19202.473
1792,16223.552,218.46779
1793,113976.95,552.71136
1794,5015525.5,76870.1
1795,45313.4,1286.6392
1796,1079068.8,11702.401
1797,488577.4,5853.7397
1798,44481.07,1449.6168
1799,69782.6,822.206
1800,192290.98,890.86505
1801,858660.9,15307.023
1802,54881.64,2077.0957
1803,374318.44,6442.807
1804,656862.3,13584.607
1805,121555.87,1701.8267
1806,21907.357,620.85095
1807,6913.297,59.19345
1808,346863.62,8364.309
1809,62149.203,1745.5216
1810,1511002.0,5822.7085
1811,715972.06,10198.288
1812,29677.016,1005.18146
1813,184122.02,1168.6499
1814,55383.4,508.25803
1815,88652.49,2780.2139
1816,106220.164,2905.4392
1817,22138032.0,308933.03
1818,1666455.2,24539.832
1819,54360.492,1236.7069
1820,358356.72,6429.988
1821,4617214.5,28381.406
1822,31102.955,128.65764
1823,29395.303,510.9286
1824,359759.0,8158.205
1825,31281.488,1269.3689
1826,93084.38,1170.6147
1827,91654.93,2381.4922
1828,654756.94,5624.5957
1829,603113.2,3261.4507
1830,148464.22,2945.8564
1831,120547.09,2654.7864
1832,116215.55,3395.0254
1833,36026.656,529.5759
1834,568955.5,14049.11
1835,68988.71,781.16943
1836,29421.715,130.47295
1837,62464.234,1524.1803
1838,316613.4,2828.1104
1839,133567.84,3830.5005
1840,50178.223,858.6029
1841,40517.5,760.2758
1842,295786.44,1941.0984
1843,18886.549,371.8139
1844,47773.58,367.29907
1845,57875.6,1003.8811
1846,2140141.2,32836.832
1847,30755.018,446.3633
1848,79621.53,1835.9695
1849,91456.29,1026.0269
1850,39130.035,222.88513
1851,18765.38,370.60056
1852,41831.906,1505.9347
1853,79976.73,253.14337
1854,27567.855,377.38437
1855,28597.836,587.4604
1856,10686.671,42.88908
1857,178132.0,2412.0574
1858,54450.39,1857.4559
1859,103234.86,3071.6833
1860,201909.92,2090.8413
1861,429027.75,7974.682
1862,34959.543,1398.9364
1863,9628.173,25.532034
1864,28450140.0,358388.6
1865,213117.45,5164.499
1866,55198000.0,625230.4
1867,30553.783,114.99399
1868,608480.2,5612.264
1869,89183.984,583.0462
1870,313838.7,3505.7078
1871,211215.42,1657.7349
1872,19605.156,451.35858
1873,626476.9,3042.5283
1874,482308.38,3302.8635
1875,344810.5,8491.845
1876,184840.06,2908.3372
1877,47508.43,1640.7498
1878,54352.973,1178.3842
1879,37652.535,907.04626
1880,26634.299,557.2837
1881,39119.12,1211.9265
1882,1320677.2,28439.863
1883,81502.234,2334.3013
1884,128239.055,2639.0232
1885,5664274.0,51823.207
1886,28705.139,1063.8695
1887,79052.195,1783.0088
1888,61406.547,1538.7324
1889,439870.5,8417.993
1890,180210.16,2967.2698
1891,155143.11,4410.2993
1892,20913.396,496.75385
1893,102218.3,1828.0464
1894,4907311.0,35252.445
1895,873243.56,13229.471
1896,74145.086,2369.8381
1897,154364.9,4135.7363
1898,518948.34,3776.1067
1899,53264.17,1435.5676
1900,148915.3,4049.7664
1901,13296252.0,90674.01
1902,96061.25,485.87082
1903,55722.59,1418.8376
1904,104663.42,2214.7515
1905,61681.094,914.50366
1906,639922.06,9599.394
1907,92523.05,2167.693
1908,24505.314,947.56757
1909,83304.62,2620.9038
1910,32101.832,502.0586
1911,40785.613,459.59415
1912,91840.18,1010.4036
1913,22240.87,355.6722
1914,59022.492,1413.7357
1915,1696821.6,25933.537
1916,84707.3,1823.7401
1917,43128.67,1343.3711
1918,42625.285,1478.5818
1919,18890.055,344.19244
1920,27046.541,915.1993
1921,86049.56,2083.4543
1922,30750.324,634.33417
1923,18487.965,354.1107
1924,3966816.2,26615.969
1925,137719.56,1999.6285
1926,92813.945,2472.774
1927,14282923.0,167507.34
1928,22105.752,539.74774
1929,84361.375,1406.3787
1930,38492.387,1538.931
1931,66142.17,416.3108
1932,46018.04,842.59735
1933,9313.535,33.918427
1934,2883575.8,21229.584
1935,11018703.0,106737.484
1936,2462788.0,34316.605
1937,53830.93,658.04114
1938,22914.57,635.2671
1939,1299957.9,17706.402
1940,38345.297,1269.9928
1941,16354.719,307.02014
1942,120288.086,650.757
1943,722351.25,3550.686
1944,543253.5,3069.8745
1945,78133.805,1067.9967
1946,34774.332,1107.5212
1947,112248.23,2959.3052
1948,27643.965,765.4475
1949,35690.19,1009.1746
1950,38151.742,1434.4482
1951,45565.445,1769.4906
1952,26549.92,556.9638
1953,105016.01,1811.3933
1954,1052771.5,23171.314
1955,70074.9,918.43054
1956,1086775.9,23740.883
1957,8208976.0,92034.39
1958,81364.99,1165.7446
1959,22436.791,690.2807
1960,4409687.0,72363.17
1961,81791.61,1505.5139
1962,16604.555,168.57848
1963,15365.386,296.00687
1964,137189.69,3428.6912
1965,2298807.8,35910.508
1966,732746.1,6940.631
1967,71051.766,1302.1499
1968,1772527.0,18864.893
1969,21776.945,360.54077
1970,186503.95,4051.2852
1971,69493.27,2083.928
1972,1016712.9,3951.3325
1973,16681.926,153.60207
1974,192435.02,807.5973
1975,21261.074,502.75696
1976,64415.445,1131.1488
1977,36064.37,1423.3657
1978,22012.168,434.42914
1979,27322.809,834.39545
1980,791294.8,3855.6594
1981,39487.78,1570.4141
1982,201105.25,5191.8174
1983,1071922.2,5922.815
1984,400052.12,7423.147
1985,393388.75,4680.8433
1986,66155.61,1000.8194
1987,3357896.0,23719.074
1988,793139.7,12238.159
1989,1994746.2,21193.207
1990,69024.09,2009.5449
1991,106979.3,2721.6816
1992,18815.35,129.40062
1993,60585.496,1804.1803
1994,187980.66,4658.029
1995,21493.014,297.23795
1996,83808.46,1906.307
1997,30509.768,406.70532
1998,108935.39,2557.4414
1999,126397.63,699.39996
