,IBGE_RES_POP,TAXES
0,2203.4958,6830.251
1,3621.927,2718.0415
2,158304.2,868635.44
3,5735.3755,4778.5723
4,9454.252,15406.25
5,12520.769,17182.22
6,10214.75,5433.328
7,6023.1084,5831.2876
8,4367.1943,9769.267
9,176313.45,1010132.44
10,3952.0723,11086.259
11,45183.383,183016.9
12,9067.913,6157.8174
13,1438.166,3115.0444
14,1294.984,201.19833
15,117515.086,41312.16
16,45286.79,188359.36
17,96251.6,651935.56
18,5450.587,1925.7198
19,68166.42,304452.5
20,2897.9983,1412.9225
21,7616.494,2094.5728
22,32836.938,125746.36
23,32849.414,82350.11
24,23030.746,71070.02
25,4874.658,8725.693
26,5798.7773,2393.5652
27,821.95917,1688.3085
28,24845.402,586.63153
29,9726.093,25929.979
30,856.20844,794.4889
31,84663.5,367246.06
32,1326.118,2525.8005
33,3016.9558,6152.1206
34,1869.2001,6294.6753
35,2518.8577,3623.9238
36,2375.2732,8051.5146
37,746.2822,398.3655
38,3770.553,4211.11
39,3815.2285,4015.003
40,2919.9917,3275.653
41,1529.2577,875.5429
42,6245.645,10271.342
43,3714.4136,15955.745
44,1097.6549,2287.1965
45,5621.1416,6865.6113
46,1242.3398,1560.2139
47,1656.4777,3488.33
48,40315.37,176695.22
49,9065.226,13895.838
50,3055.286,10934.449
51,12667.076,40426.14
52,4849.5864,1831.9121
53,2628.9822,10212.731
54,734.1344,828.28174
55,1348.984,919.02313
56,103590.586,490560.88
57,9701.264,14060.684
58,58508.64,309816.53
59,43510.7,197674.39
60,20330.627,73237.85
61,14070.645,17850.988
62,8363.899,7810.584
63,2984.276,4375.7954
64,16782.95,62201.7
65,5592.909,23281.66
66,4804.5215,3656.0881
67,3331.4116,13007.46
68,2166.1218,4216.768
69,686.25665,405.4665
70,9153.46,17380.326
71,2537.351,3955.3845
72,16770.295,62516.652
73,2727.623,8653.627
74,72157.445,347018.28
75,124879.28,115949.164
76,9460.96,1445.0164
77,6379.753,12669.288
78,14743.822,56351.258
79,8306.619,7122.0825
80,6407.32,7861.224
81,3109.6262,3259.854
82,15805.776,25727.666
83,7552.365,9435.255
84,67156.4,307096.0
85,27392.195,97522.055
86,6863.305,2031.6669
87,13609.285,50200.816
88,5261.215,1404.9148
89,3079.8982,1734.3727
90,3604.4915,3812.8396
91,3848.721,4813.9814
92,3033.1975,7231.44
93,2367.747,2126.3538
94,7513.517,12454.914
95,35771.99,55271.38
96,2810.63,3381.9146
97,42780.9,124223.555
98,2677.3083,5985.134
99,4852.4893,10160.958
100,6341.5693,11917.737
101,26466.244,96233.85
102,154804.67,981619.94
103,9543.574,2092.2893
104,31252.445,115652.16
105,7454.2236,972.2014
106,4688.4116,9922.152
107,19856.54,61097.258
108,2496.8914,2582.0005
109,8727.355,4164.7856
110,26047.225,93359.62
111,2572.1184,6851.3037
112,15341.616,32920.473
113,1216.1067,354.49405
114,4518.547,3690.6462
115,12689.934,5627.2427
116,2064.7512,317.75986
117,3036.2112,9061.514
118,1003.71136,832.5049
119,2484.7556,7098.6934
120,28966.336,107773.91
121,8612.962,23363.809
122,2687.0898,774.33246
123,1509.1757,3164.7263
124,497.77948,739.47327
125,2324.0935,3631.0232
126,3629.8135,12290.109
127,10693.104,36422.273
128,1088.7136,3121.779
129,610.145,272.5436
130,2576.8574,7156.5884
131,7962.3896,9542.5
132,2180.6074,3970.2976
133,2557.4385,3951.621
134,34022.105,139597.12
135,1972.6776,3363.3699
136,89448.47,284660.44
137,9425.319,1398.8265
138,3585.913,10620.792
139,5084.9272,5111.505
140,4823.8623,635.0833
141,108747.65,755068.6
142,10080.717,26800.832
143,3033.5288,1156.881
144,7467.6914,20632.271
145,50333.055,194621.69
146,9800.487,1065.1388
147,340.23523,354.1768
148,2787.868,9629.119
149,81636.484,366310.56
150,833.6441,394.99857
151,6209.9243,6376.374
152,5434.751,19167.736
153,13246.054,427.16806
154,2293.9807,2878.663
155,5749.8364,12631.176
156,5265.283,9619.376
157,216873.72,1408469.5
158,2143.543,3411.354
159,13558.427,4175.0664
160,2653.8057,675.1945
161,121925.32,650048.6
162,3107.026,10921.071
163,10999.363,12579.068
164,78000.0,341309.06
165,2716.8867,3429.9204
166,665.2866,537.7484
167,2897.1663,2637.9673
168,1548.889,817.52423
169,2514.6147,5043.0825
170,4533.8433,3300.3804
171,6648.0757,5201.414
172,4778.2495,20151.857
173,17016.557,29578.092
174,1689.3905,2803.4412
175,3583.4216,7916.95
176,2198.5103,1503.2288
177,957.6954,567.6935
178,681.07544,333.47565
179,968.2243,872.8022
180,16230.358,27453.738
181,29329.857,1929.9299
182,8992.709,3653.3394
183,2216.1428,7070.8066
184,3984.7727,975.4636
185,5655.0244,1297.8964
186,3768.7214,6989.8965
187,36204.66,16995.867
188,4197.6396,518.9395
189,10137.111,1962.6436
190,2364.1387,3396.5671
191,13482.406,3462.223
192,13286.328,34555.145
193,849.4563,1614.1918
194,2841.3662,1168.4286
195,10473.217,11371.334
196,4387.7485,856.2226
197,192.53477,181.96469
198,4525.351,18477.453
199,2236.895,2935.3503
200,4252.9263,3223.7393
201,30114.125,84862.945
202,723.7747,434.3483
203,2367.834,537.7003
204,7052.783,3803.9663
205,13632.84,19403.855
206,1206.4772,1042.0648
207,8890.998,11270.07
208,2703.2424,2368.6272
209,1091.4005,1067.9908
210,14065.161,7724.872
211,388443.88,3734547.2
212,783.6044,1512.25
213,1977.8435,1270.391
214,2514.5154,9746.938
215,89594.92,411307.6
216,4351.703,5099.6123
217,6758.242,7229.273
218,825.91156,806.42456
219,3101.2234,10640.821
220,1466.9473,1578.059
221,4151.3545,5368.847
222,7334.4717,25813.91
223,14520.214,38156.85
224,3343.706,4042.3167
225,1746.7439,266.7921
226,6297.3193,987.9512
227,13572.74,11347.462
228,4682.884,9799.362
229,8569.171,843.0721
230,616.8482,1150.7805
231,3389.8293,10269.233
232,2531.185,5941.296
233,9164.255,1221.7832
234,5886.148,3826.8054
235,88175.18,589769.56
236,15091.384,13633.274
237,127911.69,630180.1
238,3334.2898,3097.235
239,3836.688,7013.9785
240,1488.5284,3954.1208
241,14506.127,1114.9865
242,1932.0532,3034.0334
243,10517.201,17027.938
244,14387.417,7911.8926
245,28038.598,110115.19
246,46627.234,162533.1
247,1244.73,4099.6987
248,33449.29,113286.52
249,2117.8228,4588.986
250,9096.078,979.3801
251,210766.23,1298381.6
252,2241.3066,1075.6089
253,33698.996,73981.64
254,6212.352,6168.414
255,4122.0386,2405.7217
256,5415.309,14186.071
257,2759.4036,4442.1724
258,27465.889,99018.23
259,4394.054,1355.7996
260,1648.2203,1082.5956
261,12357.304,1099.9465
262,9934.442,3524.9465
263,25242.592,87296.56
264,3062.8179,12528.029
265,4331.8003,14922.84
266,11048.565,15662.013
267,4360.0483,7060.1978
268,6963.9434,835.09705
269,5896.546,6488.7773
270,2564.3174,9365.756
271,2349.5894,4662.539
272,29524.49,97516.805
273,8856.085,15145.847
274,834.40094,706.5172
275,2696.022,9822.775
276,2234.514,6902.5605
277,8922.385,872.9258
278,3302.3376,1943.042
279,52288.617,203259.39
280,3440.689,3992.0288
281,204.64867,224.9435
282,24214.508,75537.3
283,44813.92,174778.84
284,12467.31,20605.762
285,13434.957,24195.373
286,3419.9365,11411.182
287,10600.16,25667.428
288,38258.625,136633.19
289,4096.81,6672.42
290,351227.5,2066210.6
291,10973.693,1178.5382
292,7007.255,17604.844
293,21964.992,72168.14
294,8612.361,6496.184
295,2688.1301,5758.2007
296,1947.8737,1433.8759
297,6080.1772,6936.224
298,393.99283,142.95207
299,7076.6587,8284.218
300,15699.287,22927.783
301,9135.999,4987.1357
302,644.6702,1154.8403
303,5942.8716,14761.235
304,6027.6333,9359.531
305,34737.508,32133.322
306,2737.7732,4388.476
307,3491.1482,2555.8315
308,5425.397,22245.68
309,15740.556,40871.19
310,1151.3201,918.8148
311,3763.8274,1613.4307
312,91433.1,622428.94
313,5173.889,1565.1691
314,4037.2136,1905.6719
315,69717.66,280537.78
316,8747.482,9463.708
317,8228.707,1454.303
318,6608.8887,8507.28
319,884.2546,1281.7775
320,177965.06,1578588.4
321,932.72833,1707.973
322,25105.03,89382.0
323,1727.3136,3072.9468
324,3490.3777,13995.394
325,32898.973,15675.948
326,387.6614,251.05759
327,7503.097,10767.94
328,4643.914,2517.196
329,106821.664,780932.4
330,9816.749,14293.575
331,4301.6167,8715.582
332,15706.805,31400.139
333,4178.0195,19105.041
334,3874.0356,11307.974
335,13987.206,18044.736
336,9573.5,19226.902
337,3521.7954,5831.0347
338,565.45306,694.7268
339,6569.9507,7579.717
340,24116.125,86142.1
341,1980.9927,5126.3877
342,5762.9443,1871.6871
343,2235.239,1146.7267
344,3486.1743,4045.862
345,19113.328,56972.066
346,20824.332,79954.164
347,10092.644,5025.1055
348,36954.96,155204.1
349,10188.048,18895.426
350,47762.3,28937.219
351,5074.4004,1812.9463
352,1974.2148,1607.0978
353,31298.977,121766.66
354,1108.4695,1316.1318
355,6226.214,1519.8112
356,19710.332,3913.4502
357,1655.6921,1688.1769
358,4942.3335,16282.334
359,53176.754,67312.75
360,6389.5107,8620.63
361,99863.62,441297.56
362,92226.484,422374.88
363,12264.053,36495.33
364,690.5707,1251.5044
365,1437.4059,3734.5288
366,411875.2,3058402.2
367,1091.857,638.22327
368,4884.8916,6322.69
369,3843.246,8571.029
370,12209.505,47632.375
371,2013.5856,2919.7417
372,4711.494,581.04816
373,61137.586,233360.17
374,1918.6571,1075.8368
375,75197.85,276729.97
376,103874.414,738903.94
377,19140.838,70443.63
378,16061.311,26029.473
379,23237.861,425.25854
380,2871.8347,3636.1257
381,10965.769,18898.912
382,4207.8354,4414.284
383,8588.914,20429.957
384,11778.998,17422.072
385,15415.149,59998.324
386,2057.6382,1513.756
387,15207.534,43455.363
388,2957.7588,7923.855
389,3919.9697,1917.3314
390,19768.047,1804.8579
391,6517.1016,8743.747
392,4350.5923,5388.6846
393,76319.01,367190.0
394,12717.328,14604.907
395,6022.5366,1077.0328
396,14123.89,8639.586
397,5088.918,2074.0908
398,30041.77,110681.86
399,3541.9038,842.9832
400,6037.2407,862.4426
401,19368.033,54553.5
402,3624.1804,1163.6423
403,5430.701,547.64355
404,4232.7856,7739.1597
405,2784.3884,1457.5208
406,3373.3389,4845.611
407,2634.7905,8871.17
408,16695.174,9401.986
409,937.9525,378.05
410,929.6085,2055.4548
411,43183.31,27132.172
412,11120.895,38423.645
413,1389.4564,2128.6792
414,1972.474,1945.8868
415,9937.912,31668.258
416,4689.4775,2930.409
417,4597.067,15771.037
418,2354.8152,8541.47
419,3375.953,8472.167
420,4853.446,5192.188
421,5026.6006,10276.362
422,20278.236,38788.09
423,1122.8206,2778.2869
424,3783.7927,4936.0864
425,9741.776,8652.624
426,3457.6682,6381.1504
427,8907.829,18625.145
428,3312.3984,9925.317
429,2329.0454,2162.1003
430,87292.15,447008.0
431,165139.03,942988.44
432,15306.418,56655.99
433,28961.693,103394.914
434,7391.0557,4587.5825
435,11657.619,40270.246
436,22798.68,22746.746
437,8387.677,3388.8152
438,4135.577,5242.2524
439,2977.2688,6509.074
440,8446.161,11082.072
441,14943.072,5828.5674
442,1127.5535,2081.6206
443,61758.008,245059.88
444,12709.092,37643.11
445,13308.55,8660.224
446,8030.2334,1414.8032
447,7394.4727,8583.39
448,20038.473,59729.957
449,2840.0454,1059.2836
450,6798.591,6221.82
451,3247.9053,5018.624
452,1018.7209,1730.9417
453,8334.496,17817.621
454,3663.52,1136.0109
455,3291.104,1331.8767
456,18544.543,69966.49
457,54686.69,214805.34
458,2836.2622,2618.9836
459,1525.0348,4796.5366
460,16346.065,60746.09
461,7500.194,3046.4495
462,2328.4,5389.622
463,6774.8433,12175.797
464,16728.531,31185.092
465,1297.7339,919.96606
466,3368.1074,7225.611
467,2444.5845,2036.9482
468,7364.502,15776.631
469,7792.6,10899.329
470,12086.463,4578.1655
471,18546.254,12649.689
472,6184.877,4440.0757
473,594.76794,505.0125
474,561.583,756.0953
475,30353.697,49066.32
476,1079.6316,685.92786
477,5194.765,6931.519
478,43912.113,199699.9
479,2890.935,7092.1494
480,20237.135,44022.707
481,4157.083,5711.455
482,3571.9124,3238.4902
483,76172.01,365723.03
484,1199.4446,3678.7178
485,41515.23,173674.31
486,6916.5654,14444.351
487,1921.7352,4845.5894
488,9926.396,20447.482
489,1825.5272,1624.2114
490,5363.6387,6185.2334
491,12096.633,10219.765
492,991.31573,1891.4304
493,1975.1017,1419.6628
494,2849.2544,6049.011
495,49147.414,96395.86
496,1161.5043,2999.0918
497,4001.9204,2398.1462
498,2234.0664,8027.928
499,15559.209,60788.59
500,87915.04,499997.06
501,3520.5564,12705.5625
502,26656.621,93811.31
503,7130.506,25934.191
504,5834.224,11530.855
505,3542.1294,5423.7114
506,5293.573,9063.967
507,7508.5693,20615.742
508,19997.088,2417.7275
509,1284.811,1569.5349
510,7418.2993,25697.064
511,59320.434,242731.75
512,2322.081,4248.6255
513,2062.277,489.2911
514,5488.5137,2002.808
515,1690.359,4734.8354
516,1200.183,2456.9624
517,3274.3352,804.94464
518,3519.1013,3905.5093
519,1754.6228,1096.6967
520,6882.6724,21902.596
521,2613.9778,2179.2205
522,15845.41,5091.71
523,222169.27,1446452.1
524,24728.053,32877.02
525,1396.7609,4275.04
526,493.28546,534.1756
527,10326.06,36288.074
528,3065.474,3155.2822
529,38275.64,162416.25
530,3625.237,3466.426
531,2654.6523,1953.7039
532,4012.4182,4720.3457
533,14462.076,25861.88
534,4726.0654,16784.959
535,3294.2131,2475.0854
536,2429.5894,8215.631
537,4974.593,9555.616
538,4335.9854,1899.6064
539,1972.0062,317.2366
540,13231.185,52283.91
541,1791.4368,6111.799
542,4112.0557,9440.964
543,2814.7124,3369.5354
544,36826.117,142897.31
545,2338.9385,6451.262
546,361258.38,2910421.5
547,55362.484,11265.555
548,12026.286,46813.957
549,5128.9717,22944.68
550,3626.3518,4163.7344
551,11859.338,1186.0757
552,4260.907,5205.099
553,4306.2783,5685.315
554,3950.387,1642.6199
555,42569.113,151059.39
556,32872.543,49662.35
557,129539.85,1000106.5
558,4350.6924,1707.373
559,13759.956,47333.8
560,2410.0337,3588.16
561,1835.5292,2506.0923
562,1357.3403,212.00037
563,16532.662,4591.5737
564,25695.936,28935.217
565,4123.5347,5965.4224
566,3040.8135,4514.4707
567,5169.5337,1956.7888
568,2966.9797,6187.842
569,1587.1998,3436.4983
570,3101.775,4706.4995
571,45332.605,180592.44
572,6938.57,9808.991
573,5982.0625,6484.8247
574,8707.782,15760.478
575,5543.2065,668.26917
576,1727.8068,1890.5232
577,2728.992,2605.1045
578,22274.568,9312.292
579,3412.135,1859.7312
580,4518.12,13837.404
581,1272.7029,2958.035
582,5513.9243,6563.782
583,3259.8074,2915.289
584,3063.2668,3952.185
585,38253.246,166810.1
586,748353.6,10274230.0
587,14123.068,26531.094
588,1043.4845,3095.9858
589,1276.5424,2236.9858
590,12666.214,42000.3
591,2117.9087,3203.634
592,8755.232,729.1851
593,15952.61,8577.355
594,3378.9788,4615.053
595,13876.018,35886.703
596,255213.28,1831292.8
597,8368.465,9523.78
598,14031.629,19738.16
599,6400.879,6556.0
600,2660.4033,6786.9414
601,29130.238,107795.56
602,12785.987,19074.188
603,3735.712,3174.157
604,12141.595,13388.366
605,46296.62,221884.78
606,3582.4343,4005.6836
607,23975.459,78464.01
608,12070.801,993.627
609,21406.816,51742.7
610,4946.9946,1574.8818
611,3093.3745,7965.2793
612,5423.134,13696.92
613,10215.917,9027.215
614,3941.8213,12785.777
615,8202.818,2941.0815
616,3924.668,6182.5444
617,18403.207,72496.53
618,657.9884,1186.2522
619,12028.9,3127.299
620,1385.9893,1870.8724
621,2767.0474,3070.1155
622,8357.29,12788.29
623,17740.262,2833.464
624,1382.0612,2002.0682
625,6078.5654,10427.436
626,3270.857,13837.268
627,4666.2417,804.43353
628,24293.012,57178.926
629,2453.1118,4578.148
630,866.2667,327.74445
631,567.7206,252.2137
632,4180.1143,19196.97
633,8211.239,27262.068
634,21999.918,71482.29
635,28424.318,67089.26
636,3682.0657,1350.7047
637,6023.0156,2109.4497
638,39452.203,148038.4
639,4028.4065,2949.7014
640,5436.243,1319.9198
641,8033.488,3074.7793
642,993.11383,1595.6604
643,3666.7734,1924.4158
644,9457.886,12449.035
645,10650.418,7628.2944
646,21087.805,59032.02
647,1740.6815,5564.9893
648,10240.421,18445.832
649,32493.07,22883.62
650,8822.66,10511.44
651,3466.097,2448.974
652,7416.89,7148.998
653,7686.8496,6710.3955
654,20080.672,71083.99
655,12713.81,36131.074
656,3330.8228,5012.9873
657,5632.3203,2688.877
658,1582.4138,2685.938
659,13436.639,51029.004
660,713.89935,1356.2343
661,5799.9326,12325.609
662,2617.358,2694.609
663,4247.5386,6024.676
664,40391.047,177900.6
665,33628.547,73671.67
666,6995.3784,26571.121
667,1485.8978,2315.238
668,3132.3728,2551.1719
669,27920.938,49843.875
670,6269.7715,27219.717
671,1774.67,3322.984
672,6594.3667,9285.293
673,3631.8945,13659.06
674,3983.5479,9456.858
675,400.77664,536.217
676,8286.333,7367.7373
677,6327.044,10795.925
678,10733.85,2139.1687
679,10938.231,12479.128
680,1159.4745,673.98096
681,12275.652,5152.2
682,4103.3647,1176.6841
683,19846.143,61202.195
684,1845.8817,799.52673
685,101309.58,488835.5
686,2481.9077,4875.544
687,18479.42,43970.777
688,2369.3293,3485.2883
689,3459.7397,4845.156
690,6244.6646,1970.1559
691,4802.6914,10382.777
692,11892.51,14665.213
693,30631.744,116265.06
694,9741.541,7855.288
695,41209.05,176053.84
696,24415.32,82373.984
697,2143.258,1318.176
698,644.2496,924.2258
699,3482.8096,14325.532
700,11043.495,8542.689
701,4748.8794,2643.5051
702,13346.42,3561.3118
703,12875.076,48549.51
704,3714.0283,3978.9033
705,5852.416,10728.606
706,1616.6448,1205.6768
707,3860.2405,6231.1787
708,28766.6,104961.71
709,2946.34,10715.48
710,3279.7935,2150.0508
711,40312.45,53060.46
712,49327.812,163575.2
713,9179.2295,4149.8755
714,1916.6453,4285.0356
715,4032.6992,842.7537
716,25168.285,3660.3396
717,1146.7588,3259.0166
718,2975.282,8959.585
719,4518.145,4519.725
720,48138.098,235113.11
721,2956.0415,8636.034
722,16575.574,6749.0586
723,5700.9014,18082.736
724,255665.39,1739531.4
725,3811.5525,2698.5732
726,2789.3943,2790.7637
727,3966.8357,4381.7812
728,4948.7734,3894.0896
729,2364.9307,3776.6353
730,43532.297,196545.56
731,8658.692,6147.4717
732,6728.0093,22055.303
733,2494.9102,7234.3745
734,4744.2285,17091.566
735,7799.4263,29649.04
736,5795.7188,7666.1196
737,10458.715,1542.0491
738,2642.433,5385.2393
739,28785.588,85190.25
740,14478.44,36468.61
741,13428.837,3583.884
742,3267.4202,6799.1436
743,3953.969,2098.9712
744,2546.048,4727.8174
745,5806.7124,7369.8813
746,3442.877,4696.369
747,12132.746,502.38422
748,9763.803,1478.1808
749,522.98865,343.93216
750,2319.4731,4043.9192
751,2915.7373,2770.3245
752,1708.5769,2696.552
753,2043.828,908.5164
754,514.9107,167.6261
755,2708.156,1509.8975
756,4766.269,8454.354
757,6324.127,10033.356
758,5991.709,12768.689
759,2123.7207,7470.3525
760,2233.6372,2868.9417
761,602.0827,1037.1686
762,19242.318,4545.304
763,9909.632,1265.5962
764,3020.6052,9937.857
765,11462.112,16242.195
766,44444.9,58487.445
767,43424.17,167571.17
768,2389.8284,8318.118
769,7275.309,2176.4873
770,10820.181,15244.882
771,770.1756,543.6924
772,541.2486,909.43756
773,3373.0852,3830.6267
774,4554.9736,6016.2314
775,1255.9857,516.28546
776,7359.1797,11205.367
777,3511.8103,13449.599
778,7979.8936,8842.721
779,32368.018,99476.23
780,4555.5615,782.27454
781,9721.187,11719.901
782,19057.252,31441.502
783,2759.2915,2955.3438
784,135524.14,842821.25
785,122998.555,640146.94
786,10315.124,12842.857
787,2928.8523,3534.874
788,31239.271,89633.29
789,3262.0754,568.52435
790,21768.531,70457.63
791,8874.804,27910.977
792,45616.805,218516.97
793,1443.4481,2130.3591
794,5387.087,5336.7905
795,6494.793,20776.762
796,4974.492,12201.651
797,9772.49,14962.183
798,2937.7556,5764.0615
799,1656.4167,3408.926
800,7346.634,6467.116
801,2348.5679,4267.375
802,4796.494,11274.464
803,801.13654,893.52026
804,1528.4653,1762.3352
805,4532.865,13089.738
806,6905.5093,9582.865
807,11526.007,14422.449
808,1617.8424,5248.3486
809,464.6653,150.71165
810,3958.48,11738.91
811,74164.305,205365.36
812,744.0311,1712.663
813,165.77367,235.8685
814,5575.2666,15577.447
815,30469.896,36809.137
816,17263.174,62748.605
817,34001.043,137583.1
818,28948.531,105169.93
819,4066.1582,1210.8958
820,34327.496,100563.19
821,4849.8633,17338.605
822,10257.852,8732.905
823,4991.581,5537.394
824,8515.551,34868.04
825,7953.6343,19295.908
826,4166.2266,13108.795
827,905.8271,1751.3662
828,1212.2633,3001.4224
829,187828.81,1578860.5
830,6548.4966,7860.011
831,35138.023,131093.84
832,8437.573,8159.9434
833,1807.806,3110.4338
834,3623.928,6687.2607
835,53593.504,210000.73
836,6682.471,345.801
837,3368.9377,2804.896
838,94656.2,507139.8
839,109471.34,739327.56
840,2077.9282,2680.5217
841,2296.841,3626.8296
842,3070.2756,4058.295
843,4791.933,6536.9204
844,10634.281,950.80084
845,2766.1636,3009.996
846,31029.451,83356.86
847,1289.3763,528.8168
848,1100.0305,2548.9614
849,2609.8325,5893.187
850,9542.134,26016.785
851,1591.8159,1044.0323
852,11393.942,12826.609
853,1016.7838,560.41394
854,7160.8174,7645.2993
855,7139.93,2272.9546
856,554.1746,414.66898
857,351.85913,533.8425
858,2190.4075,6092.6133
859,2793.4768,10870.192
860,2535.4587,3770.4475
861,4029.0015,2268.9626
862,56781.035,49566.312
863,43286.316,164644.95
864,5869.0723,6730.7207
865,6344.752,12610.611
866,1104.2562,2313.284
867,1253.0367,1131.5507
868,4552.534,11286.887
869,36715.613,30265.11
870,2908.6052,2803.9106
871,4922.0615,4362.6797
872,1503.6538,2477.1165
873,4910.828,6442.234
874,2122.1882,2988.4138
875,7400.7104,8066.2427
876,4481.8867,14131.134
877,5794.9805,7324.9434
878,3052.5012,3619.7922
879,1047.1992,992.9824
880,2787.8174,3203.671
881,3377.7046,9657.653
882,24682.807,49541.23
883,4844.8154,5026.4077
884,3386.6355,4140.0566
885,5105.789,4606.8794
886,1576.7859,2006.4814
887,6911.221,6012.649
888,2408.6936,7996.5225
889,1978.1128,6087.692
890,5889.5776,1625.9672
891,2946.8108,3950.7253
892,2136.0225,4616.1353
893,6637.8755,4629.41
894,4883.425,5889.9365
895,842.45166,2218.1438
896,5872.9595,6968.8193
897,8809.917,20924.49
898,27054.65,106757.88
899,5959.8086,2696.2395
900,6665.6724,20620.473
901,4503.836,1388.2487
902,1995.6279,1935.0986
903,1082.84,842.54877
904,6576.287,8444.565
905,1835.9434,1057.9388
906,7770.318,15982.344
907,14460.313,50900.414
908,9657.314,1933.6947
909,5659.9907,1070.1078
910,2613.474,3993.1138
911,9863.99,2560.3464
912,14656.15,1154.3593
913,13835.217,17825.8
914,4911.4536,5733.213
915,19752.88,33429.867
916,1253.0002,2825.0938
917,36969.934,56469.863
918,45345.25,72874.01
919,67977.85,371117.88
920,3073.296,1425.0546
921,8463.799,2509.5244
922,1530.037,4472.0435
923,1128.7147,1339.6204
924,13239.599,19050.705
925,20894.988,32855.44
926,12115.148,43322.594
927,3314.4883,11539.556
928,3730.9346,4466.7534
929,10610.453,22834.979
930,4958.06,10525.033
931,3049.9702,10399.663
932,29828.69,114797.7
933,36521.46,126797.945
934,1833.7384,6004.8115
935,2970.7595,2914.7961
936,6193.8843,21012.436
937,303.64395,507.59048
938,1354.2872,3628.4329
939,8999.866,27681.443
940,21388.54,79866.43
941,4666.2266,2938.8525
942,7596.905,26223.703
943,881.23883,1637.3889
944,1373.0376,3131.9585
945,76064.53,309466.72
946,1578.7816,5119.556
947,1851.6873,1241.2137
948,21538.418,70073.05
949,12547.894,11936.975
950,3192.8904,6719.206
951,1635.471,2704.2622
952,94250.3,647344.94
953,1507.7546,1845.2191
954,14391.13,4097.451
955,1912.4138,3835.9697
956,3200.4575,7956.036
957,30388.61,116603.07
958,3537.8618,6163.5093
959,807.04016,1622.2047
960,2885.3018,8669.489
961,2919.3362,8221.031
962,33422.344,129976.516
963,30032.865,74678.1
964,7983.355,32084.178
965,6925.479,895.99347
966,1394.0536,3846.6614
967,5003.6006,21198.303
968,1218.7292,1521.3605
969,6517.2695,7345.7505
970,16538.652,1132.126
971,12277.634,22189.867
972,3179.9875,3341.5664
973,30169.525,23584.662
974,1300.7302,686.6727
975,8749.235,7365.246
976,530.69025,779.9777
977,4888.2666,3796.606
978,18634.309,4019.089
979,1714.6226,1186.4182
980,101808.69,633880.2
981,8877.303,15404.339
982,4142.337,8284.004
983,5294.6255,8576.763
984,2688.3337,930.56384
985,2940.371,2956.7717
986,6795.942,8980.263
987,13901.789,20907.977
988,4824.6514,131.87943
989,598.8667,762.2894
990,265.91797,335.8726
991,2219.7468,3195.098
992,3048.954,8799.52
993,5136.174,4512.959
994,3771.524,1118.0199
995,17592.535,42025.395
996,4219.156,5496.5073
997,4531.0015,17430.799
998,9765.497,4272.4287
999,511.44662,238.22964
1000,3960.071,1664.2848
1001,811.8001,1695.0629
1002,62998.297,309665.53
1003,8979.286,23109.65
1004,9929.677,5116.016
1005,11628.103,1038.1854
1006,6576.9043,23363.475
1007,3603.7495,2253.4
1008,924.4618,2077.0134
1009,24986.781,17400.814
1010,20406.598,39303.43
1011,30391.412,112830.33
1012,1474.154,836.345
1013,3595.3293,4272.6304
1014,21629.68,49780.324
1015,5764.669,4878.251
1016,1219.6663,1501.4193
1017,2489.663,7828.6567
1018,13088.431,36266.723
1019,1589.1581,3259.2527
1020,75973.13,421815.06
1021,11813.554,23273.354
1022,6276.2354,4321.9307
1023,6077.354,1404.2887
1024,56164.47,32137.062
1025,3371.5708,2075.6262
1026,18883.521,14523.929
1027,9977.145,11391.178
1028,2048.9768,6642.1626
1029,55454.1,239658.0
1030,8828.494,10597.123
1031,2322.4866,4983.589
1032,5838.1553,8190.6323
1033,4282.7637,1219.5846
1034,161.02354,182.31245
1035,12781.608,28391.91
1036,7394.1235,1536.3142
1037,4259.925,17025.303
1038,8257.969,17263.893
1039,874.80444,566.85516
1040,4733.9023,3894.7458
1041,5373.0166,1145.5708
1042,8394.706,2648.2798
1043,6777.7896,715.5241
1044,6239.0654,18928.316
1045,2787.2605,3928.8567
1046,4029.508,4133.8364
1047,6895.9136,9959.95
1048,179646.34,1055604.9
1049,37831.594,159232.81
1050,10019.276,2419.2305
1051,16337.794,1504.1599
1052,7905.8486,9058.231
1053,27065.523,5800.6333
1054,5527.344,20584.598
1055,8943.433,21851.457
1056,4741.7495,2433.5232
1057,7592.181,754.9385
1058,3856.267,2727.4973
1059,4819.1167,13059.836
1060,12667.688,29292.814
1061,10164.818,18235.299
1062,8279.117,2085.7534
1063,3968.4497,6401.0684
1064,413.316,634.1461
1065,7828.4116,18914.17
1066,2701.2488,8329.845
1067,43843.895,204701.94
1068,14019.786,35223.85
1069,4063.487,4733.871
1070,7097.119,4368.794
1071,627.3176,1252.7555
1072,2934.912,9070.736
1073,17641.414,3926.6118
1074,969.0544,901.69025
1075,106752.375,484942.7
1076,6450.6567,6667.6157
1077,3525.438,5995.7495
1078,9247.842,7020.2153
1079,3566.8176,1880.5632
1080,16091.105,24876.602
1081,5007.184,7317.3433
1082,2776.6326,2020.442
1083,8820.467,1098.8752
1084,6024.1797,16708.742
1085,1055.8588,2211.3704
1086,6797.389,8580.026
1087,16731.6,41401.297
1088,3362.0444,85.33662
1089,3818.3926,2072.1855
1090,2538.662,1568.3893
1091,4191.7583,12594.491
1092,3603.9512,4157.138
1093,68818.414,41437.496
1094,15617.967,29635.467
1095,2426.6938,4223.3804
1096,17219.482,62125.324
1097,8756.376,35863.07
1098,7904.0044,15135.839
1099,21031.639,6629.6343
1100,39074.137,155217.39
1101,22729.82,2584.6155
1102,3586.0173,8110.4326
1103,5691.436,788.1447
1104,50020.902,252946.11
1105,13759.805,11600.049
1106,1885.2117,6215.4424
1107,59182.516,1953.5066
1108,9261.732,34564.82
1109,342.33383,570.8537
1110,2625.7917,4038.2021
1111,3810.9248,12469.048
1112,7324.614,1713.7239
1113,4059.6743,4947.8066
1114,31328.578,114782.83
1115,104135.34,371449.3
1116,31272.424,1906.439
1117,1320.4503,2869.857
1118,1408.86,3800.733
1119,3557.8452,4604.0454
1120,13512.965,38991.21
1121,1870.7584,1835.3658
1122,3181.734,10692.728
1123,26173.135,24810.781
1124,9336.858,14443.843
1125,2925.6638,6141.4536
1126,3790.2502,6931.911
1127,1184.3534,1417.8441
1128,3959.1973,17532.084
1129,406.34134,191.14304
1130,37779.582,162931.89
1131,14356.614,11946.664
1132,2495.8486,3196.0137
1133,894.908,1530.9813
1134,15534.1,7671.1885
1135,21428.217,2060.0933
1136,9453.292,24212.86
1137,24474.877,23278.465
1138,6142.9478,11536.693
1139,79551.1,495124.1
1140,5801.748,7045.5273
1141,4438.104,5352.2407
1142,22634.984,69398.88
1143,1274.6166,3276.6313
1144,25200.748,9159.004
1145,14237.314,40998.746
1146,213013.11,1356493.4
1147,7334.975,24757.936
1148,1073.8772,1291.5009
1149,13391.659,48087.86
1150,19108.879,39840.836
1151,2105.0352,2341.7495
1152,17986.602,49386.395
1153,7352.928,9365.899
1154,45020.266,213745.94
1155,1268.7906,445.72223
1156,1693.584,3132.0134
1157,39907.777,155571.94
1158,2668.2227,9429.932
1159,2709.1003,3568.686
1160,13524.409,16514.99
1161,7063.9663,25697.262
1162,13699.702,30789.041
1163,3585.6729,6529.65
1164,7510.35,12184.061
1165,5931.643,10323.078
1166,2549.5127,4586.2734
1167,10746.763,2165.1375
1168,1641.22,3703.392
1169,3524.2034,2276.5173
1170,33660.43,126744.64
1171,9049.543,16908.889
1172,3741.547,3110.2957
1173,4423.2935,10225.399
1174,6714.092,17345.916
1175,13389.425,24066.635
1176,457.53238,1215.171
1177,15694.823,56549.84
1178,2662.7998,3008.9023
1179,32099.293,2526.6118
1180,13651.188,17721.807
1181,256016.52,2195501.0
1182,3010.844,1053.2732
1183,2069.0881,4764.629
1184,6604.268,2402.2825
1185,4693.941,1260.7344
1186,11148.365,19881.691
1187,58436.16,233985.67
1188,3347.453,4146.651
1189,5389.238,3399.1096
1190,85253.97,495000.2
1191,21041.64,79501.51
1192,38269.336,134486.39
1193,1676.3466,4954.977
1194,9534.353,2139.8298
1195,4857.404,1344.8247
1196,24872.096,96281.94
1197,3469.078,4981.034
1198,2020.4619,2760.4111
1199,3808.4985,12784.177
1200,14361.344,50503.277
1201,7013.0044,2434.9397
1202,902.2419,867.92755
1203,5917.8066,2225.2507
1204,434.29822,539.3559
1205,633.67804,819.44196
1206,51227.727,204072.23
1207,85653.664,543844.3
1208,29976.465,114645.04
1209,15090.92,4974.0166
1210,20070.51,6350.0244
1211,1173.0348,455.90265
1212,10063.796,7454.24
1213,8919.016,9927.1045
1214,133728.08,517977.2
1215,71028.055,55801.14
1216,2662.7969,10956.562
1217,23033.402,2569.8306
1218,10396.764,4686.793
1219,3619.8796,7143.047
1220,32155.945,129226.76
1221,10058.417,31779.162
1222,11972.401,47622.49
1223,83761.086,461354.6
1224,9860.45,13132.406
1225,86376.695,525673.4
1226,15159.156,16368.012
1227,3181.774,8078.434
1228,911.56195,1278.9175
1229,3114.74,1233.7124
1230,8459.033,6019.8555
1231,21556.043,21994.918
1232,25758.021,101833.4
1233,5204.473,594.48914
1234,1995.6334,2895.2297
1235,4381.9785,8881.827
1236,849.55005,1460.3071
1237,2534.1897,2568.4695
1238,4202.634,14863.482
1239,3898.485,3394.3806
1240,6742.096,969.1959
1241,68031.31,381268.25
1242,1007.0915,1038.5388
1243,986.6671,445.40427
1244,4039.7942,10310.844
1245,2243.3848,8345.586
1246,4929.043,1887.8474
1247,830.15814,1778.4415
1248,2695.6387,3402.9482
1249,3035.533,8247.743
1250,100904.28,456221.62
1251,77041.71,435824.2
1252,1267.262,742.89075
1253,9443.69,6833.6714
1254,1742.413,3793.2998
1255,13805.309,26711.467
1256,4599.2783,2353.917
1257,4635.379,6149.7466
1258,3293.4626,4777.565
1259,4694.0107,5826.6606
1260,626.3651,459.04144
1261,3346.0088,1843.5435
1262,4343.056,9399.293
1263,6604.2534,27076.938
1264,9698.825,11629.213
1265,2346.0745,2222.0122
1266,4717.0244,584.9281
1267,24663.682,75757.234
1268,6968.758,3346.9346
1269,7744.566,11527.45
1270,133569.75,858990.0
1271,3389.2263,3540.7686
1272,4574.1157,5912.1924
1273,15582.032,30062.36
1274,4319.559,7359.074
1275,27346.488,91907.87
1276,66303.516,364601.22
1277,190.33926,136.06581
1278,6796.1914,2639.0247
1279,1053.9193,1765.3475
1280,2924.4194,11526.323
1281,1811.4749,2346.8525
1282,6218.2173,4735.436
1283,7491.655,18251.965
1284,144537.58,753158.5
1285,2510.5967,3374.413
1286,2347.7764,4668.01
1287,5050.541,20845.607
1288,9289.774,5677.3276
1289,11702.658,1185.4463
1290,32366.383,98983.01
1291,11495.284,23033.125
1292,18652.914,1273.9758
1293,6052.7617,25782.498
1294,708.844,1192.3457
1295,30719.65,112149.55
1296,3150.149,8511.209
1297,4708.1094,16694.824
1298,383.012,582.0417
1299,7295.5107,29428.564
1300,4975.68,3396.0059
1301,23114.422,49481.38
1302,7511.686,11387.414
1303,889.13885,1208.7538
1304,5075.1636,1837.8613
1305,3304.719,5875.417
1306,6841.945,15732.521
1307,4865.1084,2976.8472
1308,47111.94,84205.164
1309,1010.88635,2660.177
1310,8440.965,5282.1675
1311,8408.751,23858.656
1312,15643.28,18805.332
1313,5505.0137,618.0797
1314,18422.777,56602.332
1315,14175.951,2350.278
1316,4356.7563,7633.288
1317,10358.115,4434.845
1318,40248.76,131690.81
1319,2233.9646,7954.674
1320,30778.361,122655.88
1321,9766.677,7795.0947
1322,9235.193,12724.954
1323,27912.602,69122.68
1324,3236.3503,3389.4348
1325,9266.681,34985.23
1326,2840.1606,2612.7039
1327,11749.303,17928.752
1328,1003.96985,279.09274
1329,17421.137,17832.535
1330,2410.956,409.51617
1331,24735.303,82240.24
1332,5165.883,16134.785
1333,3190.744,11942.9795
1334,5539.924,18410.826
1335,3585.4465,4308.693
1336,1192.7601,2209.5574
1337,10483.916,4730.304
1338,3326.7239,2387.477
1339,9262.072,17225.4
1340,3547.668,6677.2275
1341,3380.1885,4287.1885
1342,1847.2523,1326.8157
1343,2699.0725,3766.1838
1344,2364.5374,3200.4697
1345,1367.6174,3608.768
1346,3823.4812,10866.804
1347,5787.201,4512.617
1348,3503.5723,8680.695
1349,21307.861,61457.0
1350,7762.4175,14638.798
1351,2768.392,546.48846
1352,1141.3964,984.9316
1353,2684.735,9160.583
1354,888.49335,1286.5905
1355,20356.27,63760.203
1356,658.53046,1105.5251
1357,12011.414,30602.598
1358,2504.717,8097.082
1359,415.9809,669.2046
1360,14558.622,39989.71
1361,1336.0436,879.09393
1362,9324.488,38073.574
1363,13169.023,8955.848
1364,6193.456,2432.3625
1365,1571.9985,2025.7975
1366,10256.365,35990.836
1367,75934.52,327501.66
1368,19886.059,61288.402
1369,9274.478,4098.9517
1370,14403.333,17118.18
1371,1058.1659,3454.5413
1372,73115.164,298507.72
1373,1671.1862,1932.9486
1374,5925.739,8235.775
1375,544129.2,4860301.0
1376,7158.8047,998.89496
1377,1115.0972,3836.0625
1378,7410.0405,4194.8384
1379,3956.4465,8335.983
1380,2394.7349,3573.9229
1381,3579.6682,4243.1387
1382,1263.0836,2178.3977
1383,2108.7249,211.68614
1384,2249.3782,8341.335
1385,7898.5215,12187.768
1386,1927.4047,846.3692
1387,4735.132,1783.6588
1388,9038.263,1471.8793
1389,33003.496,58913.01
1390,69974.26,291002.2
1391,12894.245,44891.19
1392,2036.1488,4077.2273
1393,4997.693,4771.167
1394,2972.572,11849.433
1395,12280.613,14260.907
1396,13253.197,30319.555
1397,4084.2368,1972.6527
1398,15230.945,7005.374
1399,30709.467,950.1627
1400,1953.9249,3592.524
1401,9956.32,1879.5621
1402,8093.069,8324.729
1403,10087.525,9565.646
1404,5906.061,13225.636
1405,7161.2573,13974.94
1406,1382.798,3785.5754
1407,2065.9248,3193.7214
1408,337.25073,504.36917
1409,14411.385,19589.729
1410,51332.902,234430.8
1411,6085.0522,7441.8184
1412,3697.5637,6848.0435
1413,3529.923,3662.9187
1414,16345.688,33567.867
1415,1739.2936,4976.4365
1416,4382.25,15255.816
1417,6433.501,8201.03
1418,3250.4792,1230.3483
1419,2354.271,955.0634
1420,3787.8352,4822.8774
1421,41436.812,118038.81
1422,27553.846,99127.66
1423,1953.9249,1496.1147
1424,5642.911,9147.497
1425,1696.8794,3859.6938
1426,3383.0103,6418.5537
1427,94678.86,477377.12
1428,2308.9805,1380.8507
1429,10002.098,5451.4517
1430,4391.1846,9772.802
1431,7305.4424,2274.2302
1432,9938.916,12038.4795
1433,5259.101,18039.822
1434,1303.8488,2888.37
1435,8389.21,31272.08
1436,43183.258,202383.56
1437,17113.594,32915.125
1438,6517.3916,925.6476
1439,17230.055,9303.713
1440,13247.275,1302.2357
1441,44784.707,173281.19
1442,5766.9956,2830.9763
1443,2367.0867,2076.7444
1444,3704.354,12758.193
1445,2002.7025,6333.8594
1446,14845.477,19070.732
1447,9757.834,18206.352
1448,6032.4233,2534.8047
1449,2762.2742,11359.441
1450,3332.5679,2614.3022
1451,3792.092,5378.659
1452,3931.001,6300.67
1453,2547.7737,2519.682
1454,26635.703,5759.62
1455,3166.0193,1152.2755
1456,2402.9194,1808.0969
1457,7827.887,17389.871
1458,7630.665,18833.0
1459,3688.4407,6015.4355
1460,2415.862,2172.8318
1461,3174.157,2319.9634
1462,2074.4358,3298.2104
1463,6638.9214,9314.956
1464,4839.863,9692.72
1465,7216.6953,22106.336
1466,744.2766,272.75375
1467,5058.3936,17352.107
1468,4393.157,1436.5839
1469,39128.832,159556.75
1470,2964.1177,11039.095
1471,2593.9204,8365.135
1472,612.6415,404.6342
1473,10897.235,7432.0605
1474,11091.1045,44974.465
1475,743.34155,1232.3342
1476,12856.697,7038.163
1477,17415.111,9829.2
1478,2274.2039,4678.6133
1479,3951.0896,4816.334
1480,3651.4746,1059.525
1481,10552.132,14269.693
1482,30582.445,116761.68
1483,6875.701,9012.81
1484,26480.137,50639.145
1485,5012.8057,22665.648
1486,6010.6455,1609.3844
1487,1817.3468,4012.9072
1488,6485.9316,10301.497
1489,2381.5693,1787.0078
1490,9538.195,15941.159
1491,2534.7434,8826.952
1492,3279.0176,11586.632
1493,1970.8461,1316.21
1494,3238.19,6937.797
1495,9194.324,6905.5513
1496,1368.2874,2244.847
1497,411049.8,3421656.8
1498,3146.9512,6537.8247
1499,54936.746,280430.0
1500,22426.62,69641.914
1501,3634.1162,8922.11
1502,10506.145,4940.0767
1503,3184.923,7371.7954
1504,210507.9,1999386.0
1505,3633.9727,11402.164
1506,11254.983,6386.0635
1507,8897.507,16951.848
1508,20407.941,78019.19
1509,13641.194,26902.691
1510,4109.1196,7678.7393
1511,131827.95,691780.3
1512,151151.8,734227.94
1513,3469.436,1472.9648
1514,1782.3912,177.93936
1515,10328.86,38041.15
1516,15329.763,4092.9187
1517,5286.551,13121.409
1518,29322.936,106642.836
1519,5113.871,18365.725
1520,10610.733,36708.44
1521,7015.1763,16583.693
1522,6475.351,20532.025
1523,1141.0586,1891.85
1524,7965.0347,4984.9897
1525,4337.159,3125.574
1526,15376.17,21245.207
1527,1667.8821,4823.82
1528,3842.763,5944.451
1529,2122.3547,297.4529
1530,7823.1016,1432.2733
1531,4101.1577,4544.314
1532,722.4762,341.02005
1533,62811.195,264963.38
1534,3913.951,11993.939
1535,2922.508,2321.8733
1536,19178.053,23641.414
1537,14528.458,14510.922
1538,1111.018,1005.73456
1539,394.8702,628.6818
1540,9818.533,14067.123
1541,6744.092,8979.858
1542,5156.1504,9682.487
1543,13862.008,13762.812
1544,4152.118,2772.2915
1545,21188.95,74884.11
1546,4960.1675,22434.72
1547,7224.976,23733.82
1548,5939.842,7001.429
1549,10793.993,7764.003
1550,5919.974,26328.746
1551,5223.4995,1265.9583
1552,8666.625,11770.104
1553,4613.7534,6028.3945
1554,2300.4148,1086.5563
1555,3087.2908,978.4805
1556,2707.0889,3944.6377
1557,4407.8716,2632.4873
1558,7475.854,28627.963
1559,5532.551,19445.637
1560,444.8376,906.7615
1561,4050.5002,5892.1616
1562,4394.718,5682.2637
1563,4842.127,5936.4253
1564,31298.564,100166.81
1565,4608.2783,249.23393
1566,18702.707,46155.016
1567,2734.179,5592.163
1568,5447.6523,6676.399
1569,45362.78,3387.5059
1570,1269.6777,3405.1235
1571,21043.188,4623.693
1572,9013.29,11772.313
1573,2239.881,3720.8425
1574,47309.64,131939.16
1575,2516.2993,3075.3398
1576,9148.245,2911.6792
1577,2693.3992,4399.543
1578,11146.37,7113.892
1579,28976.324,106765.15
1580,9225.505,16406.46
1581,4165.3916,2627.9014
1582,7302.96,3586.2754
1583,8812.045,8633.028
1584,4180.7134,2606.9214
1585,22637.893,10323.826
1586,2613.147,1944.5979
1587,2234.1362,4021.0999
1588,5122.9355,10978.84
1589,8730.667,14849.683
1590,7472.85,17955.582
1591,7761.4634,25081.555
1592,1980.6251,1474.0892
1593,5573.5864,2609.288
1594,903.96124,452.80847
1595,2648.6812,9663.731
1596,3844.1387,3189.546
1597,55462.625,203105.47
1598,2524.2065,4354.4414
1599,6973.8174,4042.4832
1600,128194.01,787332.56
1601,6159.0684,8123.663
1602,49436.58,190691.2
1603,19903.707,337.61603
1604,3065.6558,2358.8376
1605,30869.027,122812.734
1606,4020.508,2094.3499
1607,3324.588,4964.2153
1608,23638.352,3039.7637
1609,89598.76,396908.6
1610,56457.28,221797.1
1611,4375.5576,2293.1409
1612,1082.0804,1843.923
1613,32684.39,122195.766
1614,3378.5596,4624.0054
1615,17831.889,62301.082
1616,1121.4253,1200.9554
1617,208826.03,1972919.1
1618,38216.555,77879.6
1619,3665.417,2932.1824
1620,15170.995,26865.322
1621,1910.4369,5911.832
1622,15383.262,55248.445
1623,3229.239,1307.4835
1624,1793.2738,2226.3176
1625,1541.5675,4216.3447
1626,131055.86,1044136.7
1627,3567.981,11443.263
1628,3548.8135,6708.072
1629,12729.789,2086.2415
1630,5944.826,1228.4625
1631,1711.0146,5139.437
1632,17641.434,41453.332
1633,2119.5476,2806.1697
1634,3894.9749,10798.6045
1635,4055.9294,1690.9891
1636,2884.2107,11141.916
1637,836.85846,1055.9781
1638,8655.366,2641.2307
1639,2074.6396,1531.7009
1640,13664.925,20496.64
1641,124937.56,936171.56
1642,6413.39,21235.973
1643,10473.183,4609.824
1644,13994.227,4666.967
1645,2398.5254,932.96545
1646,3831.5017,8820.912
1647,200101.33,1752669.5
1648,2967.0076,11562.512
1649,3613.9407,4985.2905
1650,7013.682,17731.85
1651,3480.9497,13902.063
1652,83669.81,445928.56
1653,2722.2048,842.8569
1654,205435.48,1304646.4
1655,4891.4287,3058.0815
1656,6997.1333,21086.832
1657,34072.457,53477.53
1658,4583.648,5268.669
1659,2162.1287,3959.1472
1660,1676.6125,3162.4355
1661,2379.579,8321.5625
1662,14664.327,25742.613
1663,9414.646,21363.262
1664,41894.97,184004.4
1665,6404.288,16920.664
1666,8158.129,28945.227
1667,5510.1567,10323.962
1668,2892.5051,6285.766
1669,12418.332,1552.9948
1670,5089.027,20217.412
1671,8592.433,2695.7097
1672,7763.0015,9299.01
1673,3393.0073,3082.8806
1674,3395.963,1949.6818
1675,6372.514,7684.6978
1676,3848.5984,2318.531
1677,1659.424,568.53217
1678,604.11926,778.1942
1679,5497.63,7537.2183
1680,3255.3992,6642.1367
1681,48054.766,233544.2
1682,10813.411,42100.902
1683,36863.453,143504.38
1684,45007.168,172589.66
1685,611.38293,686.8484
1686,4013.361,13608.852
1687,4380.0376,1592.4855
1688,466.37628,692.82965
1689,7683.449,878.4711
1690,2110.2837,3013.8337
1691,3747.8047,7453.741
1692,3843.8242,6244.3833
1693,41325.633,168031.03
1694,2493.8132,3557.8296
1695,12599.014,21058.88
1696,5062.1636,2271.1697
1697,5424.131,1407.3557
1698,2339.6665,1761.1987
1699,170862.77,930503.56
1700,3413.218,918.6963
1701,1451.2579,2374.457
1702,1803.4941,3550.1365
1703,20416.436,57644.0
1704,591.3458,1587.165
1705,2304.5647,5163.572
1706,6768.6387,5229.654
1707,11313.177,1423.275
1708,5367.621,5685.9365
1709,11361.911,16125.435
1710,4997.4927,20638.277
1711,17214.87,2103.7065
1712,3433.8167,3881.3948
1713,1205.639,2532.108
1714,5047.3066,9674.247
1715,1420.2755,2635.3577
1716,4308.707,1481.0847
1717,8695.305,31585.23
1718,86522.11,392095.53
1719,6651.544,19346.992
1720,25587.74,20955.596
1721,136280.06,1042827.1
1722,1130.2363,1531.4
1723,17839.604,64419.688
1724,4779.139,7397.2905
1725,74809.24,310114.66
1726,3729.7693,2268.3735
1727,11766.421,5609.9478
1728,17789.16,42323.742
1729,3478.0825,2704.9556
1730,699.94464,1223.5271
1731,139783.94,762005.3
1732,218352.2,1582786.6
1733,21030.877,67244.87
1734,181968.19,1466173.5
1735,6429.0806,13973.406
1736,2709.9006,4108.9165
1737,1048.3116,2510.6062
1738,2418.974,3318.237
1739,4996.275,1615.0178
1740,427.86206,719.5527
1741,9490.94,18801.41
1742,3518.3828,2228.4856
1743,33071.797,10138.825
1744,882.75244,1355.1067
1745,5903.8115,3530.7935
1746,12481.403,19104.914
1747,4719.436,18459.203
1748,2439.2036,3822.304
1749,5655.667,18993.52
1750,35600.84,113016.43
1751,5533.972,6421.5566
1752,6634.502,360.59006
1753,21833.518,85736.74
1754,1725.2325,4936.658
1755,4044.128,5040.921
1756,5501.6333,16576.812
1757,2804.1384,2167.0889
1758,23739.58,77501.97
1759,697.80145,578.6766
1760,14532.606,7021.429
1761,4393.803,1043.4445
1762,1301.0624,858.7844
1763,5132.3574,9705.169
1764,8687.298,32881.82
1765,3572.5222,2934.5593
1766,5606.7983,25103.018
1767,756.6226,1209.1593
1768,43238.77,164236.92
1769,26702.553,96719.42
1770,8208.102,34518.664
1771,4215.4536,14391.651
1772,570.236,1049.2317
1773,24938.242,93274.78
1774,75551.48,305380.2
1775,11932.284,25067.129
1776,5872.4243,7782.096
1777,3401.0283,5110.461
1778,2766.935,4282.813
1779,6906.632,6270.143
1780,28267.957,102510.96
1781,10566.811,4224.6416
1782,16475.201,4058.843
1783,13240.325,2873.9465
1784,4228.382,5418.6816
1785,4679.368,322.63525
1786,976.42694,521.4646
1787,21241.172,7793.584
1788,5608.4976,11436.317
1789,1687.8757,2161.0476
1790,7292.812,17798.969
1791,19172.979,60106.125
1792,5776.7266,1871.6779
1793,1213.9202,1777.1151
1794,12657.984,19593.559
1795,1953.4443,103.09073
1796,74461.055,221005.84
1797,106630.08,743444.8
1798,9670.812,10466.124
1799,8723.317,10207.172
1800,2463.176,7971.806
1801,7436.9585,21252.906
1802,835.546,1538.5466
1803,25629.438,9307.642
1804,12483.0205,31780.662
1805,3748.811,11493.946
1806,9360.637,31058.9
1807,4679.6587,9212.26
1808,2219.0159,8394.062
1809,107593.484,540875.8
1810,1392.4971,4926.008
1811,4471.555,5387.498
1812,13474.326,19743.904
1813,175906.81,412175.6
1814,34826.375,21577.686
1815,14715.5205,54089.066
1816,1495.4299,1350.0271
1817,1683.6344,5020.219
1818,9371.331,25033.023
1819,6361.2627,7135.2397
1820,6326.6377,12131.627
1821,6422.2407,8732.206
1822,2996.8896,4274.3594
1823,2935.9966,10969.08
1824,2992.3079,603.2281
1825,7254.1836,5510.305
1826,10499.202,1168.494
1827,8649.348,10487.117
1828,16589.648,35337.39
1829,11787.705,28169.4
1830,12593.62,2847.4766
1831,12142.834,32854.03
1832,23223.756,55896.74
1833,9024.054,32032.049
1834,1957.9666,5754.475
1835,1842.1412,1793.7543
1836,109075.414,742043.75
1837,861.9518,88.348915
1838,460.49298,263.83484
1839,334455.06,3043565.8
1840,939.44025,538.4261
1841,15918.614,25966.16
1842,3222.6104,3790.248
1843,10624.793,7111.331
1844,13739.289,38366.395
1845,2945.6172,4037.0317
1846,3823.1895,4734.6953
1847,1026.6161,2189.4229
1848,36698.566,136384.98
1849,977.2072,1582.1472
1850,10479.865,12086.861
1851,2124.894,1168.4625
1852,3283.0918,4284.196
1853,6212.611,6293.528
1854,2498.2188,5955.138
1855,2766.051,7972.069
1856,1336.9681,842.97766
1857,3494.4539,2344.2153
1858,25802.547,92488.414
1859,9342.411,12277.6875
1860,272.099,284.396
1861,29379.717,116099.36
1862,8225.763,16074.63
1863,16453.291,3675.9844
1864,14484.196,10467.63
1865,1235.8552,1805.0472
1866,13675.762,40973.094
1867,17990.768,54060.387
1868,152487.16,474261.38
1869,7117.9043,16723.48
1870,8145.831,1301.4924
1871,10791.279,3600.5972
1872,95549.29,194657.17
1873,1426.3342,450.95438
1874,126610.14,622326.44
1875,1693.1898,3235.217
1876,8927.711,36297.08
1877,2853.172,2047.1721
1878,15295.868,30612.613
1879,446.5981,308.43195
1880,2514.8203,1126.5566
1881,5099.058,18078.19
1882,6444.0625,1385.6385
1883,4705.208,14477.598
1884,23024.25,46631.125
1885,18337.232,63737.734
1886,251236.69,1697591.2
1887,2112.756,908.7828
1888,5459.0825,1229.2855
1889,81237.875,378124.1
1890,3633.5676,1913.5533
1891,1101.0763,2222.0464
1892,11839.276,11979.567
1893,7015.1763,2200.5981
1894,6007.429,11797.675
1895,12713.279,45537.74
1896,4861.056,6922.67
1897,36555.76,138413.86
1898,9083.922,2134.0393
1899,3730.4512,7190.2114
1900,68923.3,396153.22
1901,11232.071,6667.1836
1902,11958.476,25801.3
1903,3147.6128,3321.6416
1904,7916.476,26684.938
1905,17879.627,36817.867
1906,201033.94,1253149.6
1907,11579.79,17024.219
1908,3093.3643,1794.3413
1909,1370.5404,3708.5354
1910,5712.5557,5329.193
1911,2730.3616,5923.2246
1912,8933.451,14181.431
1913,39131.28,9655.592
1914,7690.083,30322.918
1915,25213.285,2537.4875
1916,25928.27,100734.805
1917,1532.3394,2421.859
1918,1098.3904,137.7313
1919,664.99664,1031.2515
1920,7572.908,13889.995
1921,5044.7886,10241.838
1922,19509.13,39004.695
1923,15921.638,57787.66
1924,9363.463,3524.923
1925,19811.787,9835.225
1926,134788.25,672910.25
1927,4231.266,9519.217
1928,2897.2983,3351.6233
1929,6675.6953,752.7575
1930,6866.818,8335.027
1931,42657.355,163116.44
1932,5113.335,6930.739
1933,4877.196,6730.961
1934,3718.878,9470.147
1935,14368.962,20193.963
1936,2744.2407,4094.112
1937,26656.006,3366.004
1938,3878.4854,15727.547
1939,2730.582,3255.1523
1940,1519.3707,3590.3037
1941,1673.0424,4589.321
1942,4151.8125,4093.348
1943,27037.16,95451.88
1944,4213.3784,12993.885
1945,3365.544,9830.96
1946,958.61383,2919.0093
1947,7509.5503,13316.545
1948,3397.8706,6754.0845
1949,3102.715,9744.9375
1950,1150.2228,793.97266
1951,3320.566,883.5689
1952,33193.668,28763.727
1953,13995.763,19050.35
1954,18875.955,20969.682
1955,4378.333,3414.4587
1956,9834.198,14917.827
1957,498.6577,767.0784
1958,245679.78,1079527.4
1959,4113.0894,5103.886
1960,7713.6973,16671.506
1961,4508.749,5256.4136
1962,2115.1885,7224.9917
1963,5355.6914,11924.177
1964,2659.549,3335.6428
1965,2031.813,4382.125
1966,3691.996,3540.1855
1967,3606.847,13212.617
1968,632.3301,839.3573
1969,5825.4165,15961.476
1970,5696.8594,7374.337
1971,6263.548,26087.494
1972,882.97876,1519.2465
1973,5606.8965,6853.019
1974,5839.944,12697.558
1975,5728.2983,13651.713
1976,21668.402,45473.785
1977,504.0633,790.23035
1978,8776.686,9783.199
1979,1033.3301,1477.3728
1980,4047.1616,7692.937
1981,47823.277,189466.56
1982,6881.1616,24287.172
1983,1314.5029,3556.1912
1984,3516.1392,3976.807
1985,99826.89,78842.516
1986,2290.2937,6811.203
1987,9057.704,20655.64
1988,18848.287,42952.74
1989,5467.9277,7778.278
1990,5731.5635,6978.1143
1991,338915.38,2544441.2
1992,1416.7478,928.45435
1993,4300.9224,6268.061
1994,11611.645,41469.902
1995,16427.172,60740.152
1996,2917.4329,11025.189
1997,9670.222,893.35004
1998,30242.92,110795.664
1999,2037.522,7334.464
