,IBGE_RES_POP,Cars
0,9282.948,90.09802
1,14183.237,3518.7556
2,4684.5425,485.39813
3,5050.455,742.998
4,7059.3994,3421.497
5,26530.89,13034.681
6,136435.17,73412.63
7,19565.418,106.939896
8,5908.824,540.174
9,11860.002,4207.2183
10,3332.0264,1178.9161
11,5209.2524,480.0214
12,15362.45,5095.622
13,3007.3599,1204.6896
14,18817.498,2635.4587
15,6703.1313,731.3179
16,138285.5,67106.5
17,4182.4536,2175.9163
18,3896.087,1328.7882
19,5837.7803,2079.648
20,5093.13,538.6859
21,2869.1433,897.1871
22,3286.2837,987.5114
23,5979.1143,832.94696
24,5933.418,1100.2437
25,14260.28,306.21655
26,12860.976,5671.222
27,3185.7556,469.32068
28,3256.4912,776.0083
29,3655.8955,900.0913
30,8129.311,3886.4182
31,53878.473,2665.2715
32,387512.7,88769.96
33,8865.196,1717.7986
34,2691.8115,583.7293
35,4657.3486,884.88684
36,2833.3367,353.10242
37,6612.7104,1068.5117
38,5648.906,163.31087
39,2758.2842,688.67316
40,2818.083,68.61648
41,5167.4795,504.20197
42,11622.435,3329.9087
43,2716.587,667.87854
44,44365.668,28706.557
45,3047.51,957.8705
46,5642.4126,188.34438
47,4072.5652,388.13373
48,4215.0786,1356.8546
49,2786.1973,312.93512
50,12000.46,67.00714
51,25102.77,16092.837
52,5743.549,3331.5854
53,3966.4873,2331.1086
54,3765.1936,141.08957
55,16372.793,9279.122
56,6741.0786,3842.4802
57,4035.2415,2170.6287
58,6525.0776,1426.5535
59,2788.9502,383.82047
60,13692.0625,2954.776
61,3603.0789,24.43982
62,3958.491,914.8461
63,7093.7104,156.36188
64,46157.6,895.1994
65,52542.41,31527.717
66,7746.0415,3227.208
67,3368.0317,673.23285
68,2687.112,305.56635
69,2784.506,497.21332
70,5803.242,1329.2223
71,5020.6465,818.5526
72,91790.58,17667.484
73,3218.793,384.64926
74,3431.9358,563.8455
75,7729.3135,2854.1826
76,2774.1018,830.6291
77,9286.073,4483.585
78,4183.712,513.66925
79,21482.043,6034.285
80,122994.77,30317.89
81,68054.4,12476.142
82,2914.9675,776.6979
83,2850.0022,247.2911
84,8577.916,3818.8328
85,25026.812,2758.3948
86,10674.909,4436.6743
87,12963.333,4397.65
88,3638.456,1978.4148
89,4571.8237,2848.9775
90,23843.205,5473.379
91,4892.5728,1430.6191
92,35508.75,19227.895
93,3307.1272,1381.1381
94,5788.3037,2334.8267
95,6650.5547,2832.9182
96,126990.49,62800.645
97,6765.362,4990.3647
98,15356.768,1037.1509
99,5498.3,1591.0715
100,3900.1914,295.7145
101,2782.512,884.5032
102,84226.25,47593.164
103,6530.9585,1025.8635
104,12019.475,7844.2905
105,5436.485,692.2852
106,39143.14,9890.962
107,9492.29,2817.636
108,7523.477,1227.0046
109,27263.834,2945.0334
110,7744.0854,1162.8748
111,124665.3,61793.414
112,268436.5,46130.445
113,18201.654,297.9504
114,5719.114,1924.7781
115,6399.8457,3074.5361
116,8197.821,3826.4736
117,39499.793,7180.141
118,10568.295,3675.486
119,6922.2783,1445.6012
120,18978.053,10505.775
121,8875.242,1672.821
122,4025.1282,2360.3286
123,5912.929,3284.8694
124,39718.5,26376.197
125,4710.938,1739.9554
126,7691.915,374.07297
127,5692.461,2968.262
128,242218.47,57485.613
129,9267.077,2702.1875
130,3359.8027,865.0891
131,5359.615,2940.2646
132,162098.25,29598.396
133,7509.9995,233.53319
134,3095.3943,956.9402
135,3153.6838,321.65036
136,11321.005,153.6968
137,3341.062,798.01605
138,17867.105,10364.145
139,35215.27,14917.68
140,2739.385,479.75793
141,3371.1377,1259.2798
142,4383.826,1707.9468
143,9065.042,1251.3429
144,6231.247,1154.1305
145,39707.38,8400.764
146,3590.4082,1732.8575
147,16468.926,10286.33
148,7454.4814,1146.8608
149,4229.42,1326.595
150,864683.6,229343.8
151,5148.137,1034.8754
152,17405.592,3701.7883
153,134124.95,43062.145
154,4945.4575,3421.2866
155,6478.8037,4473.9443
156,2934.5334,1039.7922
157,6398.2476,2418.5188
158,9915.617,1341.5007
159,2763.6636,900.9154
160,2787.1519,532.77277
161,4582.7144,479.46487
162,10091.603,268.7258
163,4128.6064,1344.7753
164,3468.2744,850.14954
165,26302.656,18383.275
166,34581.027,17493.512
167,5615.2905,3534.583
168,3386.9517,1197.3861
169,11189.372,6638.9434
170,3752.3752,1454.6942
171,85924.94,52009.258
172,7045.1367,423.929
173,3836.6333,459.36536
174,5138.929,2699.9604
175,9638.284,6452.3037
176,32268.023,834.7148
177,2674.1516,183.61298
178,5557.253,3255.796
179,21438.5,824.5728
180,4644.179,1606.9839
181,4043.575,1806.09
182,13249.429,7604.09
183,53039.668,33762.81
184,2587.5188,192.87944
185,18502.545,6622.174
186,6501.5996,1988.9366
187,3301.5674,1427.9011
188,3524.7974,1523.3796
189,5301.571,962.1246
190,4355.343,353.3737
191,16879.562,11993.518
192,31839.652,10770.79
193,4666.0547,823.6372
194,6601.691,530.55975
195,51011.582,4816.0063
196,8882.217,787.56036
197,31934.88,29.666574
198,3919.225,1934.2947
199,198422.42,62915.832
200,60746.156,34181.61
201,5539.7964,1747.4623
202,97723.13,22930.854
203,2896.9119,1004.89343
204,3647.9082,1201.8834
205,39230.957,26105.002
206,4798.57,1333.501
207,40721.406,3543.664
208,3364.3506,652.56866
209,7469.2285,2305.1365
210,44827.996,19711.783
211,193944.0,48013.312
212,80688.516,48097.152
213,8742.048,2620.4778
214,45778.312,7981.5757
215,4694.995,1387.2095
216,91997.62,18981.24
217,18209.19,1650.3127
218,6691.4766,725.05444
219,11641.566,258.12024
220,4171.314,2670.61
221,5972.6904,2035.9901
222,22500.363,15961.002
223,15997.003,7705.152
224,3436.6907,1533.1631
225,22713.404,5569.0415
226,2785.5579,408.68228
227,3365.4165,1522.3163
228,4069.3872,2469.4639
229,83920.43,38138.254
230,18899.764,1910.8229
231,5621.083,2707.808
232,21712.125,5056.084
233,6393.219,55.596577
234,3285.4934,1213.4578
235,4131.42,441.31598
236,9208.706,140.59256
237,2759.2505,966.9399
238,2682.7078,187.35272
239,5106.936,762.163
240,11499.424,3282.789
241,3416.4312,1022.59155
242,3389.2878,990.04584
243,19653.648,10521.532
244,8045.5894,272.26337
245,13468.883,10192.02
246,7737.6006,837.71985
247,13563.132,1209.7197
248,55954.395,21963.691
249,43395.91,10948.961
250,3277.7612,244.117
251,52049.65,12079.764
252,5595.458,4062.751
253,27021.549,18110.453
254,22290.006,13738.444
255,4181.356,45.17464
256,7771.248,112.87432
257,7832.1943,4186.2207
258,3471.3374,635.24896
259,7001.1025,3734.297
260,18074.875,3683.319
261,30868.145,7320.3887
262,4316.859,433.73163
263,21936.312,23.493069
264,4901.977,2414.169
265,24062.803,1566.9633
266,3625.2393,898.329
267,6240.9937,635.47076
268,2676.5676,724.8523
269,3628.16,1621.2388
270,15734.353,189.23558
271,2960.8813,219.91754
272,6709.088,2953.8904
273,2859.9343,1028.4923
274,59194.863,2972.4854
275,18743.822,1933.8965
276,3773.6758,1904.9429
277,4931.6494,251.3908
278,41292.48,8158.7246
279,3329.0442,1419.7205
280,52994.496,8534.468
281,7564.353,4014.6855
282,11205.465,2895.0374
283,2841.268,554.15424
284,4425.521,646.7944
285,6468.217,362.6282
286,11731.397,2392.2449
287,10545.299,3697.4421
288,21831.385,13685.886
289,3432.586,547.7079
290,11796.639,174.17206
291,6694.1914,4026.7925
292,7849.395,3229.4678
293,2673.1624,270.85397
294,412666.44,69203.484
295,476865.34,197107.88
296,6014.808,1250.6864
297,4283.9985,1975.2133
298,74951.97,5990.6562
299,4460.282,1762.1746
300,3189.6213,1347.301
301,10962.7705,2845.5732
302,6504.2163,2147.9956
303,3049.488,62.145126
304,6650.142,274.6022
305,13893.885,1435.503
306,25794.361,15245.652
307,3372.298,193.26059
308,3995.9888,297.0562
309,3403.7144,597.6105
310,22888.52,5118.4463
311,4091.052,2616.4617
312,3451.4363,1184.0719
313,5009.0615,3309.6082
314,10226.41,104.617294
315,5010.9814,759.4695
316,5418.188,174.62903
317,12850.517,4170.666
318,5758.0903,1425.6461
319,9866.417,591.1274
320,5835.438,2715.0693
321,8979.582,3044.6672
322,7332.173,342.53705
323,3008.5654,621.1902
324,5459.646,628.66943
325,53567.266,31440.914
326,12765.018,4254.4956
327,13068.657,4981.994
328,23879.045,2375.2642
329,14486.613,5287.346
330,4124.153,1931.7499
331,269027.5,16813.455
332,6845.326,3604.3213
333,7625.3384,5137.6235
334,4000.0227,1807.2217
335,238674.06,55602.742
336,8524.69,2659.4426
337,8974.679,132.99501
338,4078.4517,1604.152
339,6263.3384,122.22958
340,7289.1934,960.8377
341,11863.2705,2084.6924
342,2606.1929,84.57294
343,2672.069,672.61664
344,12497.653,97.51221
345,65984.19,24033.918
346,5832.8213,1320.5525
347,11345.88,6074.959
348,2845.1404,238.32591
349,11044.574,2108.2756
350,7642.878,4435.654
351,4545.559,913.72235
352,639594.7,85737.59
353,3014.8647,125.78212
354,7012.581,4786.236
355,9964.292,119.821526
356,7430.9795,57.13633
357,2927.1355,1152.5001
358,18298.074,10400.977
359,11986.015,763.80835
360,3666.681,1596.6549
361,8949.571,2537.3342
362,6241.686,1066.6385
363,2718.0908,302.6599
364,11696.813,5342.3335
365,2705.6775,47.838444
366,146181.27,67661.9
367,136055.36,36410.836
368,3141.557,1270.9343
369,10261.242,2896.2058
370,3368.4922,1586.0789
371,29491.25,5723.9824
372,75427.16,39119.42
373,43646.73,26270.562
374,2668.495,608.58344
375,5805.5205,1096.5028
376,4229.833,2039.5868
377,20389.262,5373.7305
378,6418.843,390.3385
379,8325.922,131.91527
380,30008.145,19294.469
381,200403.66,62920.113
382,9241.868,6406.901
383,4131.9873,1114.8983
384,22147.271,14428.88
385,56236.11,12195.919
386,4707.1377,2560.7273
387,67253.28,17763.24
388,64186.91,36564.312
389,5124.418,1263.8541
390,59696.387,2764.0444
391,3851.972,387.35785
392,4121.964,1748.1943
393,87489.62,13445.848
394,6129.345,1532.4781
395,9101.548,4143.3013
396,71143.57,43943.414
397,2758.981,444.14578
398,14455.345,10733.685
399,5534.401,1807.2107
400,10221.863,7493.8677
401,2959.7534,638.35223
402,3993.8877,416.44427
403,5077.2847,441.59442
404,16897.42,3111.146
405,8716.013,228.7371
406,179601.58,99785.25
407,4379.9775,744.8824
408,115091.25,64222.3
409,9115.529,1002.68207
410,5598.8716,3428.5178
411,20537.166,683.1248
412,61907.707,36492.844
413,4682.1104,315.68866
414,3237.0024,1351.0125
415,8746.776,1688.1055
416,2744.9836,231.26035
417,23595.955,7883.3037
418,3950.9182,201.04178
419,3227.9329,566.3873
420,4011.5835,587.67267
421,10964.083,1820.1654
422,5369.9053,1293.3762
423,8151.526,2030.1528
424,4665.1177,3004.228
425,8853.649,5815.0703
426,11757.82,2078.3057
427,3550.2046,1574.454
428,4689.6963,2418.9834
429,13934.858,86.830574
430,42734.938,22016.277
431,130544.74,22341.754
432,8324.67,1768.0991
433,9382.229,75.862236
434,8226.408,4291.6367
435,4018.081,1484.8011
436,8725.517,6083.469
437,3659.4053,1275.5056
438,3291.6118,557.5212
439,45535.438,28507.268
440,45432.164,3242.395
441,5305.548,1119.0398
442,25804.842,8795.545
443,9112.803,142.38542
444,227911.2,72856.97
445,2660.015,723.0658
446,2784.286,654.93884
447,3518.7942,561.0995
448,3186.623,456.856
449,9247.115,584.93225
450,3019.942,958.30286
451,66574.95,27948.205
452,2753.783,490.6732
453,5495.8223,712.7226
454,14663.796,91.66771
455,8482.424,1534.0674
456,24412.021,7857.263
457,28499.129,14545.855
458,10236.037,1793.5988
459,14889.289,8596.523
460,2828.2998,510.84473
461,27556.658,5666.865
462,11574.248,1088.759
463,215538.66,60468.93
464,9359.758,1047.7489
465,10216.029,35.69233
466,4109.7583,1830.9912
467,60310.86,9652.889
468,3492.9846,878.3318
469,4311.532,1419.5857
470,7329.702,5679.7246
471,4832.713,510.80377
472,15445.6455,10221.011
473,6821.0327,2859.9875
474,5253.246,1114.7233
475,5834.1216,405.0262
476,42793.44,7701.722
477,28184.158,11677.604
478,2767.9758,605.57697
479,2866.0813,1000.9793
480,13402.515,216.37294
481,11773.477,4741.963
482,18439.393,10879.78
483,6425.908,4763.9224
484,4964.2207,1079.1422
485,5867.436,285.21826
486,6786.2407,4526.367
487,13290.53,6309.8325
488,35962.83,4382.9478
489,19344.656,11711.669
490,2817.5186,771.4489
491,71834.69,12261.966
492,4404.686,626.17633
493,24792.592,360.86316
494,13015.788,1894.0239
495,18694.371,731.7395
496,8329.644,352.96246
497,188367.22,74546.54
498,7551.416,4263.7476
499,9079.58,124.59174
500,3404.0505,1063.4508
501,62307.168,36914.12
502,10016.01,3376.0752
503,57463.273,2829.7163
504,241334.22,110882.43
505,10793.697,5089.9155
506,3903.985,68.6436
507,5287.779,816.5473
508,6272.4844,4656.275
509,5934.9326,3100.4504
510,360771.62,76814.08
511,8549.168,4401.1567
512,12153.505,2808.648
513,11015.51,194.05423
514,9057.073,220.67668
515,6190.92,1659.9971
516,2760.5217,358.67834
517,9784.198,189.57455
518,4431.219,2301.4595
519,8664.241,5572.4116
520,10343.647,1477.5975
521,7438.7017,155.39183
522,15983.028,1614.1165
523,3152.7942,358.86346
524,2912.2947,487.27908
525,13446.011,227.02122
526,10982.963,8177.0464
527,3580.3738,1364.4618
528,7392.979,1212.391
529,44700.7,7996.2197
530,9156.792,5617.8745
531,21746.314,13155.757
532,3362.4543,1315.1864
533,3702.451,523.75836
534,4406.7295,174.67007
535,13242.172,178.51527
536,3106.26,1035.936
537,4564.541,2629.164
538,5715.3853,4160.951
539,44057.04,25616.582
540,8785.401,402.53845
541,29576.371,955.0461
542,10668.992,3993.8987
543,4501.1416,2813.2927
544,216929.44,115669.43
545,2756.7507,362.9935
546,7590.6226,3400.9705
547,3862.46,1108.9656
548,2760.4155,395.80954
549,67148.805,13216.273
550,34832.188,6622.428
551,75866.69,8612.446
552,2825.6306,664.28735
553,11061.261,8616.608
554,9960.945,1864.9884
555,2766.4946,386.07895
556,19922.008,1608.7104
557,19597.064,3694.07
558,43814.684,22570.164
559,2734.4807,573.7889
560,7416.052,2665.3372
561,56843.664,13736.891
562,2889.2915,1001.7044
563,402507.06,80273.99
564,8093.304,2342.7603
565,12913.045,2884.6096
566,40971.52,11666.697
567,7669.037,1078.5618
568,10677.57,1931.3809
569,3752.4802,1337.3036
570,9065.848,20.336214
571,7197.7627,950.8677
572,20338.865,4210.6035
573,3417.386,1541.7325
574,4298.517,740.3161
575,3802.7178,1391.1615
576,8778.482,454.74384
577,6497.5537,612.5951
578,57823.266,24908.14
579,65905.414,33393.805
580,5535.0356,437.05426
581,39217.26,22869.479
582,8826.938,5259.199
583,6642.888,3550.8538
584,3806.0574,501.87753
585,30368.73,1207.6382
586,3024.903,514.0659
587,16245.958,3113.4338
588,18148.055,3771.4783
589,3854.089,1014.80414
590,10301.916,108.88833
591,16990.867,4990.962
592,5369.0654,327.9932
593,3494.446,1015.4093
594,13272.623,6106.456
595,10346.09,1640.1248
596,8479.165,2773.4043
597,20603.139,4626.618
598,6103.0444,1439.1454
599,2779.5515,671.69305
600,120532.53,14679.035
601,3811.5964,1332.6235
602,8953.115,3047.8496
603,9069.851,7121.504
604,13563.042,5187.726
605,29879.135,6218.405
606,3447.4104,1527.2391
607,6994.9404,3693.9058
608,395395.8,201352.48
609,10129.268,3113.8098
610,12206.221,245.00513
611,4569.7163,1292.4591
612,2824.2751,683.0078
613,6418.247,4470.75
614,11100.388,81.269104
615,6386.975,3413.9543
616,8136.6196,206.36395
617,21083.545,142.8203
618,4982.8745,2519.126
619,5209.3354,1138.7845
620,2826.1765,425.6374
621,5592.51,2642.5925
622,166088.77,6110.836
623,2918.1746,594.16943
624,93705.91,15370.836
625,16104.769,3665.546
626,2693.479,346.2974
627,3846.6804,2221.305
628,4682.4185,1101.2753
629,11682.99,181.06995
630,74197.45,34339.223
631,74801.195,18158.758
632,5492.806,377.75705
633,4940.036,2324.3284
634,11117.8545,584.0762
635,5644.3643,429.79248
636,4485.5,181.3441
637,7468.0273,4028.1853
638,7201.988,3529.3245
639,2737.073,814.8631
640,11451.772,103.565796
641,5206.5225,335.62854
642,3454.5547,665.83026
643,7563.3896,906.6047
644,17547.355,193.64908
645,17097.705,4319.7817
646,10726.31,5363.153
647,14979.211,4177.937
648,6448.7236,1368.4526
649,2802.4563,638.10486
650,5588.296,3772.0374
651,23968.879,16952.295
652,5740.6235,2738.5505
653,5931.607,3501.4148
654,185637.12,45154.52
655,2763.5542,531.5828
656,6023.5054,136.88132
657,13622.53,8887.202
658,115456.266,41653.758
659,17798.812,72.443855
660,12103.049,5657.776
661,35513.0,21773.742
662,4355.0176,2661.5151
663,66476.27,8791.22
664,2847.4187,592.1862
665,5968.2134,4104.223
666,9762.555,647.10156
667,2702.3997,536.3344
668,2704.681,716.57764
669,6905.1343,1657.2126
670,58604.953,12180.704
671,19350.031,3963.218
672,27756.404,2913.094
673,7302.014,1196.6783
674,19886.473,4823.33
675,7223.0645,1888.6415
676,22459.564,16011.623
677,5161.965,1589.8527
678,3872.8726,1411.0265
679,6006.786,4455.304
680,30732.807,5789.3906
681,21278.1,5060.377
682,4336.614,1663.1522
683,2756.8855,117.234985
684,9208.1045,6482.4434
685,98226.79,25852.768
686,5045.9736,636.93207
687,25651.426,675.3228
688,3641.9773,1913.6394
689,8361.319,3108.6619
690,12339.719,460.62094
691,66009.05,36958.004
692,6076.003,2417.5283
693,5803.7393,1701.977
694,18037.664,43.46967
695,5278.9062,318.61438
696,24656.371,412.2711
697,2773.7134,690.9385
698,13127.346,136.5295
699,3436.6587,182.00185
700,4482.4946,2944.7505
701,143897.39,34263.41
702,8717.496,234.02242
703,16813.383,522.15753
704,2749.1096,853.3001
705,39415.703,10662.996
706,5319.331,176.61899
707,8137.4014,254.23274
708,6506.345,2559.5286
709,11012.619,1877.3501
710,15166.099,4999.279
711,29595.504,3013.2598
712,186151.88,46730.61
713,13236.096,2007.5249
714,20891.594,2855.3298
715,5753.164,305.13318
716,279634.9,56389.445
717,3748.3418,1378.3741
718,6874.75,167.55948
719,3839.3574,556.17487
720,6364.2944,53.920547
721,5987.0957,769.24176
722,3045.3826,1083.0652
723,8653.247,1816.1987
724,8584.469,1588.5676
725,13912.111,5043.8027
726,4786.3726,234.78035
727,5249.1064,644.48694
728,6049.5127,1071.5869
729,7912.4614,2842.5815
730,4503.0674,2169.678
731,8318.118,1887.4878
732,6833.439,2403.4814
733,9082.182,2103.3025
734,5201.3257,819.5283
735,4157.88,1555.751
736,6711.615,585.96136
737,7770.024,2964.0056
738,13085.27,1683.3174
739,28294.258,7838.582
740,7029.583,1510.0127
741,4743.5146,268.33337
742,14955.498,3384.1228
743,4954.874,1261.1241
744,3678.8975,1019.68384
745,2863.0227,884.8475
746,11696.428,4822.1094
747,3713.4573,1334.157
748,6681.0483,4594.4634
749,3837.103,431.6013
750,9766.6875,3557.31
751,12322.47,232.61832
752,6393.3247,2401.105
753,8278.371,578.95337
754,21362.605,5668.362
755,16905.715,8071.1196
756,11507.167,263.64835
757,11082.681,60.071705
758,5279.309,839.091
759,12584.083,722.838
760,2925.402,184.85164
761,10643.019,5218.813
762,4094.2896,1002.7817
763,9427.52,2877.2917
764,26680.045,7133.015
765,3415.049,763.09753
766,5259.7275,1367.6047
767,120318.86,6052.14
768,24648.412,15580.082
769,3963.129,596.7814
770,3248.3494,1263.0946
771,14636.05,32.33602
772,3921.0544,1297.1434
773,13465.955,3498.4443
774,5407.3955,891.0847
775,3534.1794,483.25696
776,4780.3354,3093.0315
777,5752.6875,396.25653
778,225429.45,93094.51
779,6235.227,689.3669
780,13213.386,3084.978
781,13633.514,1749.6239
782,6004.287,734.7707
783,2658.9111,66.65504
784,7617.0713,4162.8955
785,5207.091,2676.0623
786,3648.579,858.30835
787,2668.3574,605.6627
788,3682.3508,714.4635
789,49742.625,5161.7554
790,3127.0088,1065.0107
791,6381.704,3480.1567
792,6425.7,29.292156
793,4848.8037,2083.3115
794,13614.86,5532.976
795,8686.168,424.15176
796,10262.786,4996.516
797,63250.16,38085.95
798,7610.768,2036.0527
799,29301.146,5865.584
800,6877.551,267.0896
801,8162.878,978.88617
802,4175.062,2429.0837
803,7449.675,236.08885
804,6589.022,1569.6168
805,3631.5674,360.40067
806,5440.823,227.91446
807,7952.678,1282.6962
808,4459.506,1270.4481
809,4378.5396,752.54803
810,9656.164,2141.588
811,2673.3486,569.0083
812,4702.2666,3155.7153
813,4521.753,595.9819
814,6934.7163,4607.8354
815,15657.869,4398.3477
816,38442.59,6973.959
817,26824.824,4015.889
818,77212.94,35898.406
819,3542.246,1150.7292
820,8580.832,5414.5215
821,36493.043,8599.289
822,7544.011,390.64398
823,6685.796,2371.3528
824,2778.8208,540.6187
825,5094.458,287.72348
826,16150.79,172.51303
827,4103.2183,881.1798
828,15363.614,5781.3613
829,21764.3,12416.192
830,3319.0786,324.9391
831,8690.81,1384.5846
832,44569.215,4526.6953
833,4086.6255,1170.0178
834,4597.3774,1884.3456
835,11065.367,2683.0156
836,5526.965,3913.446
837,4071.1167,1714.4739
838,2877.979,647.53156
839,7637.2363,5663.1113
840,10281.688,5212.2935
841,915292.25,413486.9
842,6030.0957,50.600533
843,8304.627,192.75296
844,7271.416,65.48876
845,66488.17,13194.8
846,3209.7532,1348.3265
847,4382.9336,1828.8615
848,5470.732,191.57742
849,11590.475,1202.8914
850,6277.014,1009.26276
851,46942.117,141.81711
852,17824.352,6966.0156
853,10264.139,198.33823
854,2749.3225,382.65073
855,6250.4023,647.8942
856,3431.2444,712.1195
857,14774.32,3279.4172
858,9870.073,6328.8784
859,34352.684,20496.078
860,3443.0073,636.07526
861,3142.685,650.29065
862,13964.787,9327.995
863,3182.286,1433.1251
864,2936.5786,1027.8726
865,20230.113,1934.78
866,6642.779,1532.0239
867,5006.0215,454.807
868,5561.8525,3529.9446
869,4481.0283,1200.7228
870,41926.812,15368.878
871,2886.937,667.98157
872,5127.072,1964.1558
873,26342.28,3143.4614
874,65601.04,38706.195
875,13432.258,2385.517
876,41674.387,12368.353
877,3705.4338,648.7118
878,14538.288,684.8115
879,6184.1606,36.898895
880,4210.6797,2667.0923
881,9324.3545,150.31586
882,75894.1,10809.471
883,12859.846,2508.486
884,162306.78,77795.25
885,10369.164,6187.1113
886,2832.332,445.37393
887,2659.0952,312.36392
888,11288.696,1563.6549
889,5263.283,428.57132
890,3514.0376,948.2727
891,4517.778,1042.3561
892,3559.074,1387.1105
893,5463.0522,1805.8947
894,5015.9165,1573.5604
895,5050.954,198.24385
896,5599.25,2645.3882
897,5452.4395,3085.559
898,7146.126,397.82242
899,9835.748,7021.0903
900,4523.9253,2692.8816
901,15269.44,163.32405
902,31450.1,1999.1808
903,901688.8,228732.95
904,7626.2095,2639.1306
905,13925.529,54.106663
906,13134.324,6431.8057
907,37896.57,4511.6387
908,6402.2036,764.4707
909,9352.377,6435.394
910,87576.88,50626.914
911,2797.9292,860.4054
912,3305.0637,1581.5593
913,14215.041,1190.3522
914,58437.316,14332.88
915,6439.345,175.25781
916,3025.4678,947.41565
917,9118.963,4168.4365
918,3052.0237,1290.3479
919,9157.742,4976.33
920,4830.262,387.22858
921,12150.463,6488.197
922,45711.664,29135.836
923,46665.492,8417.332
924,5153.705,3175.6438
925,3578.6604,557.60046
926,7610.5547,2904.3547
927,8628.812,257.88528
928,4323.063,384.99213
929,24566.225,5661.9146
930,4877.0645,573.91046
931,29088.56,5797.049
932,20876.459,1496.5986
933,86751.45,52404.887
934,2853.8616,465.63644
935,2765.1128,503.46375
936,55119.934,3258.3223
937,2824.8923,212.8254
938,3348.9712,671.3767
939,2709.365,708.32
940,4826.7524,1040.6785
941,8032.341,443.864
942,3197.7073,820.51825
943,11143.078,372.59402
944,4581.331,63.14573
945,6613.8467,2328.4944
946,10697.941,3720.8772
947,2678.465,580.8491
948,135726.36,23512.887
949,3709.578,109.95421
950,5025.5356,219.34651
951,4880.4204,1031.6206
952,11702.324,7972.0513
953,5319.918,1686.8993
954,8702.568,461.58057
955,7222.5967,348.0663
956,10194.616,5440.602
957,13297.727,9045.748
958,14263.601,3806.4814
959,43187.05,43.715862
960,12932.654,1755.2037
961,3252.857,923.6045
962,2898.1477,241.44102
963,11965.305,7894.8975
964,4142.0303,1245.9023
965,13668.286,7776.6724
966,3928.7078,1602.805
967,10615.196,234.11969
968,2715.1587,360.5485
969,7911.8403,1691.3754
970,5342.357,545.5218
971,4367.101,428.57556
972,5507.7495,2707.5674
973,5423.107,3864.8228
974,13237.025,6957.145
975,3336.5164,1185.2308
976,82686.06,44355.1
977,8369.737,6415.1226
978,24967.914,3424.8796
979,2887.292,530.91846
980,3676.1821,383.90286
981,15170.995,3688.728
982,83752.9,19939.973
983,18671.027,3427.923
984,6192.8477,12.617716
985,8755.703,106.52991
986,5047.5337,917.8433
987,4860.197,1248.2445
988,12065.766,99.249794
989,3551.7993,631.8481
990,19383.734,105.76316
991,6303.4585,1301.7847
992,25472.338,13292.836
993,5924.7144,4325.28
994,16397.277,12153.945
995,4754.532,2581.364
996,7930.056,2448.8315
997,9456.868,2283.567
998,17007.31,731.49817
999,4315.117,244.35796
1000,3344.4165,1166.3419
1001,5273.7705,3025.2983
1002,6852.955,1413.499
1003,4408.0557,339.40414
1004,71394.28,30422.027
1005,56757.6,33049.836
1006,3311.062,1219.3114
1007,44018.793,25416.826
1008,2874.8413,832.68085
1009,5591.5337,1559.5348
1010,4250.116,2001.2715
1011,423321.06,74117.82
1012,24302.215,17146.3
1013,9907.222,154.41483
1014,3120.7527,403.43665
1015,32097.531,21525.818
1016,12595.611,4245.152
1017,9481.878,4524.4023
1018,4199.862,2011.3053
1019,80514.0,15073.168
1020,11815.175,148.48509
1021,3867.2444,1255.3888
1022,980176.75,158129.45
1023,4743.924,2812.4526
1024,4076.5244,2525.6995
1025,6600.5166,159.22433
1026,5850.3374,1583.2394
1027,211732.05,44678.523
1028,12296.5205,2651.6243
1029,6069.402,3535.429
1030,3658.885,1496.813
1031,49003.816,24483.559
1032,5591.021,4062.4922
1033,7753.4824,97.3898
1034,3611.4932,1077.8396
1035,20521.32,14784.803
1036,2986.9033,624.6955
1037,5147.112,926.3364
1038,2728.3135,340.9201
1039,17399.0,77.077774
1040,3378.94,723.61066
1041,7054.5645,474.6307
1042,11484.2705,4750.1025
1043,39761.61,8988.119
1044,4778.0137,2436.5295
1045,52452.03,4841.88
1046,10194.583,7370.824
1047,12301.436,57.735165
1048,42570.75,2527.7468
1049,13737.509,2415.0015
1050,3090.713,103.22267
1051,20894.23,13147.093
1052,145414.64,59637.426
1053,68363.99,17860.104
1054,6892.409,3076.3057
1055,46533.746,8500.492
1056,3406.0452,1703.7046
1057,3527.6218,288.87775
1058,3440.6208,363.69223
1059,7615.5786,97.27398
1060,40771.734,6042.4897
1061,98353.055,36680.156
1062,55066.46,438.38358
1063,2853.6658,323.8686
1064,3966.7988,1729.704
1065,25877.873,18118.37
1066,2674.6729,289.22113
1067,12353.139,6415.1226
1068,4805.379,1335.2517
1069,6357.0,566.6501
1070,52016.57,10792.796
1071,8366.862,1973.5214
1072,23513.092,5305.117
1073,62135.492,7444.785
1074,177525.17,49609.215
1075,3795.589,1349.2188
1076,6954.2393,2241.9355
1077,17491.188,9104.892
1078,2765.6426,25.983742
1079,7833.639,1684.632
1080,17986.78,4760.375
1081,18776.12,82.95341
1082,9635.052,46.209106
1083,10395.941,356.12158
1084,5759.88,1638.2036
1085,6404.0386,4676.78
1086,5287.0356,332.0183
1087,2661.9739,673.1818
1088,14069.625,2892.8608
1089,2702.9175,435.1636
1090,31936.88,8673.031
1091,30712.467,19404.857
1092,7575.5693,2700.4138
1093,5877.5913,87.22133
1094,27548.672,13569.969
1095,4885.809,2700.9893
1096,3482.7273,1122.523
1097,4417.6562,1471.2911
1098,26536.018,7402.645
1099,2751.3804,302.25394
1100,33840.26,9648.618
1101,18118.627,7049.992
1102,5401.005,3234.3594
1103,3982.7039,2452.5664
1104,32945.312,7138.284
1105,2778.4395,580.86383
1106,2640.042,202.80708
1107,12454.723,2591.633
1108,13846.188,2796.796
1109,2694.396,286.25134
1110,4133.732,2317.7585
1111,17574.387,10198.523
1112,3772.7686,1549.1748
1113,9641.745,7554.8076
1114,36578.207,17971.697
1115,2726.8398,635.8337
1116,3309.2068,1113.9188
1117,55204.97,24775.773
1118,19523.059,229.09174
1119,145837.72,73964.09
1120,5591.601,955.83813
1121,3784.2332,491.70135
1122,15202.626,9923.138
1123,4758.376,3180.9707
1124,2912.037,84.63694
1125,7003.432,3101.9844
1126,3516.3572,1073.2577
1127,2684.044,678.60547
1128,3882.5583,880.4008
1129,7817.645,301.32697
1130,10747.612,126.747696
1131,4221.3286,459.09613
1132,3886.1558,740.0499
1133,3209.5627,499.15894
1134,4136.5444,2387.658
1135,6847.852,3229.3508
1136,3344.4497,1337.6421
1137,88883.09,48568.92
1138,2708.037,798.25836
1139,3972.96,930.451
1140,422379.06,210598.53
1141,2677.2832,265.66467
1142,4237.503,437.79724
1143,4391.5005,669.8621
1144,16479.309,11710.331
1145,3150.1453,78.40024
1146,32145.92,18352.037
1147,15222.837,4297.1206
1148,26770.54,2019.1901
1149,7661.509,1596.8232
1150,4661.4487,2109.3396
1151,7791.5522,1390.0781
1152,3236.5618,256.15695
1153,65829.26,29338.521
1154,61663.69,19798.695
1155,7528.0957,1796.702
1156,2800.4355,444.5107
1157,3121.5356,907.2012
1158,3665.743,821.3646
1159,10484.389,3661.9917
1160,300486.3,140882.67
1161,8773.593,57.341885
1162,14631.262,65.17191
1163,5657.801,1198.8403
1164,4689.7144,2949.606
1165,3653.161,887.48865
1166,2938.13,437.2465
1167,15149.023,8036.633
1168,4714.651,1113.2787
1169,207574.94,98925.75
1170,407667.22,207739.1
1171,4694.941,120.80997
1172,5407.072,2820.03
1173,7745.952,130.02975
1174,5378.29,620.6124
1175,10909.901,193.8548
1176,11330.493,413.80664
1177,33864.312,19380.393
1178,5338.6626,3503.7224
1179,20488.002,95.20377
1180,84798.12,24679.934
1181,3210.9287,1472.8646
1182,12434.486,2768.664
1183,5309.9365,2970.3665
1184,6868.9253,696.5813
1185,8872.114,2497.3616
1186,10985.411,3551.302
1187,6423.4287,1122.3535
1188,3089.4338,835.0439
1189,21802.832,5551.5723
1190,5622.623,874.88995
1191,5048.667,324.0966
1192,3011.5596,1159.2733
1193,9121.315,811.92487
1194,15060.976,24.20705
1195,5149.288,647.0067
1196,6863.6104,119.93083
1197,2701.6772,775.70245
1198,4569.1943,957.3742
1199,5970.655,3136.439
1200,6140.6177,1270.9608
1201,3094.1777,1348.1355
1202,11635.279,2188.1418
1203,2975.9976,41.40251
1204,3231.2961,1482.3431
1205,102067.234,22377.008
1206,41923.36,27671.05
1207,22487.373,9965.118
1208,54644.32,6561.6494
1209,5344.601,1785.3213
1210,6694.4893,3932.9417
1211,96147.46,3485.761
1212,23828.941,11486.137
1213,2715.8638,514.36285
1214,4160.727,1250.7701
1215,4605.964,3118.2063
1216,3644.3513,516.0358
1217,3146.5366,415.32828
1218,17248.604,7412.006
1219,3560.7234,1694.5596
1220,4576.1704,1060.1586
1221,3812.94,1737.3745
1222,3052.0388,923.72266
1223,39055.95,7979.2144
1224,4640.0435,831.0902
1225,2816.7344,762.18646
1226,134991.73,30194.943
1227,3672.2349,1310.3579
1228,3042.6638,441.28107
1229,15478.546,8358.796
1230,4619.7046,474.14398
1231,2947.7637,721.62354
1232,4688.2085,384.6199
1233,2939.4915,745.39703
1234,7652.1562,2067.4678
1235,18917.035,148.12465
1236,51027.49,12615.693
1237,52198.617,5595.759
1238,4903.6943,498.97647
1239,2991.1958,1011.35205
1240,8238.828,1498.1613
1241,7311.9624,627.0384
1242,11312.655,4501.132
1243,7885.195,192.94574
1244,6222.882,4602.2915
1245,9980.82,516.92615
1246,15685.883,2427.552
1247,6538.101,3134.4731
1248,43322.547,8750.345
1249,4493.6484,2765.758
1250,5651.5176,1668.6139
1251,4138.9365,2317.083
1252,5547.837,2735.1895
1253,8999.8955,4073.7593
1254,4241.69,2620.321
1255,3266.2366,604.40784
1256,67177.05,41376.438
1257,2727.8655,701.4175
1258,3693.5408,1172.9086
1259,26812.898,15598.447
1260,3548.9927,1695.3635
1261,4508.8013,81.63494
1262,4011.9138,2132.5005
1263,66419.29,1539.7169
1264,5059.4517,237.55067
1265,13441.14,522.0561
1266,8257.211,2460.134
1267,2528.7517,123.608925
1268,10046.364,5866.418
1269,18860.17,4900.688
1270,11687.801,3211.5068
1271,2828.32,846.22473
1272,17269.43,2796.627
1273,4088.6475,2389.9163
1274,280717.12,69894.94
1275,8538.441,5134.7783
1276,5331.645,231.65666
1277,5269.8667,1886.4219
1278,6669.3105,5093.826
1279,5549.701,2016.1772
1280,11943.517,124.358795
1281,2978.392,475.58978
1282,5836.8447,2337.719
1283,6201.775,139.64334
1284,9135.688,68.36598
1285,8026.2495,5861.229
1286,11093.711,911.98987
1287,67165.02,491.29044
1288,3788.7148,620.5579
1289,5832.7734,2230.6619
1290,3539.4197,59.284996
1291,17748.404,11909.17
1292,2919.07,632.1135
1293,3352.7017,1203.8784
1294,2838.4446,557.63257
1295,2746.5195,572.12805
1296,2955.183,848.3355
1297,4064.3616,1717.2762
1298,7730.2256,336.11993
1299,9476.019,7376.7705
1300,5033.1616,970.185
1301,8478.304,1947.5251
1302,6077.4907,3690.5754
1303,4598.064,3109.7493
1304,7112.229,1655.9467
1305,2715.609,680.07263
1306,17850.184,2259.347
1307,2826.7197,423.23718
1308,3509.0273,868.3274
1309,3066.0884,1098.3192
1310,5273.5303,405.0209
1311,21673.707,6194.5713
1312,8822.146,1461.2222
1313,9065.982,705.5738
1314,30870.62,18459.568
1315,11855.042,8558.1045
1316,3373.0498,318.23663
1317,3175.0493,515.8809
1318,36585.918,17047.992
1319,222780.9,120488.87
1320,6820.767,2610.8513
1321,3665.1555,221.1062
1322,6951.9834,2407.6584
1323,4111.164,235.69427
1324,7638.012,5414.7324
1325,12622.954,515.1219
1326,3371.7021,1560.2979
1327,3971.8347,738.89056
1328,5741.1465,1260.987
1329,3663.878,1969.2411
1330,3016.4607,315.91318
1331,2687.131,750.6628
1332,19726.072,304.8651
1333,46980.117,27495.488
1334,4515.3604,1547.6176
1335,17783.984,3620.913
1336,24765.629,855.99084
1337,3615.826,335.84546
1338,4778.111,2056.3442
1339,54741.84,19966.373
1340,2769.2966,498.6684
1341,2823.5154,467.38895
1342,7362.101,514.16724
1343,37129.152,8696.703
1344,15914.821,4486.8843
1345,4657.3613,852.5565
1346,5101.763,795.77136
1347,9656.816,6892.1553
1348,3258.58,44.44131
1349,2827.3125,430.07358
1350,3081.0295,1303.4108
1351,5332.719,56.665104
1352,3355.8413,688.0119
1353,13909.179,95.31976
1354,7076.81,4059.6587
1355,2756.8794,572.72046
1356,233665.02,111724.43
1357,7454.7354,1405.8013
1358,244279.22,76151.52
1359,5461.718,1454.255
1360,6926.5205,2513.7727
1361,4863.183,188.56816
1362,2736.6672,365.98535
1363,20624.006,12035.902
1364,11880.06,3094.521
1365,4319.476,872.6771
1366,142392.84,21971.096
1367,15284.637,4280.7656
1368,79720.3,48625.53
1369,31351.117,21434.1
1370,180695.77,83868.11
1371,75830.88,44076.1
1372,3387.383,1461.361
1373,2766.8926,777.8837
1374,14140.275,990.2681
1375,12518.597,6479.2446
1376,12344.597,264.67783
1377,74212.36,21978.672
1378,3438.5515,95.260445
1379,5626.186,3774.5605
1380,3316.5906,1101.0878
1381,6466.2964,3480.8445
1382,19254.916,266.7845
1383,6216.995,4657.052
1384,674123.06,328295.12
1385,6201.3594,841.02515
1386,3214.3079,529.541
1387,2864.914,1051.024
1388,6567.048,60.02898
1389,13900.736,9923.819
1390,49699.445,8418.049
1391,56106.223,6552.3013
1392,6043.1265,2069.0063
1393,4830.2065,175.28244
1394,3035.1863,668.74036
1395,6958.062,893.8122
1396,7595.9873,4309.892
1397,5865.8804,1440.3073
1398,3040.5847,967.5925
1399,4707.921,332.63715
1400,3246.7715,671.1258
1401,5092.8613,2351.069
1402,8770.179,3862.7676
1403,2639.5,96.16652
1404,5526.0337,1631.2932
1405,2885.0864,581.0756
1406,113411.22,46122.543
1407,79367.37,25952.166
1408,2676.0886,255.92601
1409,4440.049,1044.9739
1410,18250.723,102.907974
1411,2682.6902,660.9905
1412,4872.5127,750.941
1413,3733.0837,1726.523
1414,84538.1,17042.47
1415,4615.375,473.66708
1416,6622.4175,3443.444
1417,6545.2905,2964.3293
1418,15534.202,9714.278
1419,44931.133,7370.933
1420,4914.207,892.2884
1421,17682.021,6643.4316
1422,3912.6018,648.94434
1423,3834.9465,420.7498
1424,39982.64,9078.2295
1425,367035.62,179204.08
1426,4773.703,2786.4878
1427,3953.7476,522.32043
1428,2669.2512,597.07367
1429,4499.788,3009.6375
1430,11243.979,1001.28217
1431,21696.207,15031.124
1432,57010.047,13665.255
1433,6198.7183,2365.272
1434,8492.991,6484.2656
1435,2739.8496,185.31679
1436,17922.79,1494.2424
1437,4182.8623,239.57408
1438,3248.0623,1133.4413
1439,2643.7766,186.33244
1440,48024.332,21831.049
1441,8090.741,4590.873
1442,14062.073,9390.236
1443,2693.745,307.97122
1444,104463.086,30992.576
1445,10875.135,4957.1074
1446,19378.67,2899.916
1447,5287.6074,1029.5103
1448,3585.3088,132.01408
1449,278264.94,98047.7
1450,74859.61,43964.453
1451,17201.152,11134.358
1452,2683.923,300.86215
1453,8652.771,6192.5923
1454,3357.238,983.2924
1455,3602.8552,298.14398
1456,3950.7534,1914.8732
1457,8881.349,3357.7358
1458,23897.062,2794.4124
1459,6722.5415,189.55937
1460,4306.4106,1217.2382
1461,56404.367,25639.74
1462,4051.5989,853.07806
1463,22558.148,8706.162
1464,3343.6934,1409.6344
1465,29161.855,296.40332
1466,11307.502,7038.5415
1467,4813.495,2869.7324
1468,2938.9138,566.80066
1469,69607.9,29307.002
1470,11006.539,110.8388
1471,4777.5337,2211.3716
1472,11557.409,8661.155
1473,3020.5803,819.67725
1474,12908.707,292.73975
1475,9053.26,4047.5393
1476,6248.2515,1485.9199
1477,2897.2712,1012.72046
1478,58167.945,11047.291
1479,81355.52,36296.32
1480,4248.9146,1937.8031
1481,8598.1045,141.75172
1482,18456.81,11012.922
1483,2844.7812,736.7458
1484,12003.609,4459.5547
1485,14154.504,239.57329
1486,4383.8745,2254.8936
1487,127257.5,73283.46
1488,2698.7512,514.96216
1489,146240.5,50646.598
1490,5118.039,1945.5023
1491,13017.403,2479.8145
1492,34107.53,19477.797
1493,7972.979,2909.0015
1494,76364.945,5336.7056
1495,6250.4985,2277.2847
1496,4187.804,2717.2449
1497,9065.952,3589.3894
1498,53921.97,9373.657
1499,9628.664,4028.504
1500,6255.1943,4672.435
1501,59115.625,32965.832
1502,2952.8235,129.27188
1503,4203.4116,339.46863
1504,64069.047,7267.1343
1505,6412.1826,387.9416
1506,6164.775,1356.7883
1507,3333.8103,1600.0806
1508,4915.953,603.404
1509,6204.9795,3439.4822
1510,84111.56,11980.146
1511,4900.4785,659.66187
1512,6864.187,1862.5656
1513,10887.99,5520.485
1514,3201.8757,1275.5896
1515,11998.352,3252.1428
1516,4736.1064,638.1147
1517,11414.59,4247.2285
1518,2550.2224,173.23543
1519,9666.241,1484.8785
1520,145916.67,83119.97
1521,98857.45,41307.44
1522,2945.8289,842.0762
1523,41762.105,32.753204
1524,12169.742,8869.597
1525,59199.414,10254.429
1526,4356.333,1141.9121
1527,6877.944,2390.298
1528,9443.105,5765.723
1529,2765.1628,655.465
1530,36090.156,11571.389
1531,7027.7114,64.343925
1532,18342.568,7371.6333
1533,4918.7227,2927.7268
1534,73025.234,2488.0056
1535,5984.378,634.19385
1536,17814.041,655.07477
1537,19506.518,355.8099
1538,22902.547,105.58419
1539,3964.047,661.5699
1540,4096.104,1447.0327
1541,4430.701,1748.8336
1542,9723.477,386.0516
1543,2633.6438,72.35977
1544,28326.43,1394.591
1545,54943.984,10567.785
1546,4776.5083,1962.0468
1547,5662.9277,3656.1223
1548,3350.264,872.75665
1549,3173.812,1395.7675
1550,3876.214,771.48065
1551,14150.977,4830.7285
1552,4742.0386,3123.8809
1553,16339.517,912.92413
1554,12441.191,2823.861
1555,2756.4285,843.89166
1556,4369.35,442.11133
1557,12936.318,4849.717
1558,4381.3457,930.30286
1559,17311.537,1578.1066
1560,4735.5635,2711.335
1561,8337.242,1869.3766
1562,19497.908,1862.6156
1563,17579.387,4428.627
1564,5315.843,2750.4426
1565,8940.085,6135.5327
1566,3769.065,310.86655
1567,3853.973,1025.7502
1568,6109.5176,394.06744
1569,5832.6772,1370.566
1570,8094.922,1396.5546
1571,8350.224,216.16635
1572,7427.4355,3120.191
1573,5384.5176,59.642223
1574,3996.8706,616.4203
1575,10158.459,238.9242
1576,10259.801,512.349
1577,593091.7,163737.81
1578,311781.4,81931.195
1579,68516.31,13194.641
1580,6786.6694,1071.9076
1581,5707.581,1844.4626
1582,8535.016,341.12323
1583,9913.974,500.43918
1584,4867.5825,1256.3816
1585,3154.6086,1082.494
1586,6277.986,340.9201
1587,4640.2344,1106.7548
1588,4653.073,1887.8578
1589,9560.874,60.304585
1590,2821.656,218.29755
1591,4255.194,831.09845
1592,3655.6968,99.547325
1593,8678.18,326.69806
1594,28076.336,18159.195
1595,22405.084,15088.152
1596,3159.1162,1352.4862
1597,39361.816,2005.2911
1598,4663.348,2907.0027
1599,28571.785,6707.766
1600,3746.5828,42.458683
1601,15614.743,503.0333
1602,4829.3047,1689.2504
1603,8469.665,759.41693
1604,2642.8174,176.20604
1605,9252.935,229.43837
1606,8491.327,198.27933
1607,4155.559,977.66974
1608,3032.3901,290.23654
1609,5302.936,126.66506
1610,5277.7734,772.995
1611,4298.451,2542.9094
1612,8398.0625,178.04314
1613,2651.0566,279.49524
1614,4290.513,1982.0413
1615,6279.8955,4421.56
1616,25418.223,1288.5541
1617,4067.0354,1894.7842
1618,21328.646,144.37152
1619,4095.9128,532.85815
1620,3720.1296,165.4709
1621,5594.3706,1417.4628
1622,12699.941,370.29245
1623,11895.957,4709.671
1624,14867.628,4147.794
1625,19121.115,10729.69
1626,5091.243,390.44543
1627,6982.023,3158.8267
1628,13211.398,5736.3013
1629,52205.438,6571.152
1630,7158.722,5193.904
1631,3053.6545,152.10757
1632,5611.131,2484.2007
1633,5250.0347,793.7094
1634,17790.215,4040.2312
1635,3127.0088,1206.3892
1636,2530.1208,101.96273
1637,6394.0933,150.63174
1638,6458.5835,3972.4167
1639,2745.8984,269.79764
1640,338237.7,133272.38
1641,8802.065,184.8288
1642,30381.672,4704.1387
1643,6931.576,5368.2783
1644,2835.151,977.6171
1645,3742.899,1870.4155
1646,7307.7485,5376.2593
1647,4648.0283,1220.0533
1648,14360.1455,10321.366
1649,4458.617,1719.3099
1650,2877.9062,770.71533
1651,7911.2065,2582.5022
1652,12917.157,2253.546
1653,7374.799,238.74117
1654,4079.2244,471.56836
1655,474725.56,121615.41
1656,2954.8782,903.8228
1657,451067.03,228319.45
1658,5475.4883,3589.1824
1659,7446.608,489.64905
1660,3755.2808,210.93489
1661,20993.387,3926.323
1662,14218.756,148.1171
1663,3654.3284,969.8942
1664,31933.725,1655.2977
1665,8601.073,2370.0981
1666,10534.178,593.00543
1667,4872.213,2086.9126
1668,25812.295,219.19797
1669,10601.871,2482.3098
1670,2877.0295,436.1736
1671,4415.7065,1156.0677
1672,10079.6875,2075.9841
1673,6104.0264,1366.6853
1674,4083.1743,1408.6744
1675,3108.2148,580.16846
1676,635693.75,127846.4
1677,5752.103,198.00598
1678,28511.023,8087.797
1679,4396.9595,2381.4478
1680,14820.9,1681.5237
1681,6769.352,720.2031
1682,2751.9875,517.4392
1683,6462.0806,4499.8794
1684,14653.994,222.16841
1685,7410.7646,170.13174
1686,2872.437,800.6463
1687,3386.4795,1118.371
1688,36080.492,5223.9927
1689,99265.65,59110.69
1690,7296.532,3658.0334
1691,5220.4434,138.51305
1692,10907.805,6219.733
1693,16275.023,6571.5737
1694,3029.2969,1103.6187
1695,10224.029,3418.7332
1696,13274.021,8711.588
1697,3327.111,736.9614
1698,24609.258,619.54315
1699,11163.369,2295.2202
1700,32535.768,17531.14
1701,16638.992,10837.575
1702,182465.55,29397.11
1703,10814.776,2633.9575
1704,47992.812,1592.9673
1705,24615.363,6734.883
1706,9486.622,6863.927
1707,3733.7273,75.91923
1708,3857.313,1597.901
1709,2773.9373,514.2265
1710,6883.485,5171.1406
1711,4387.9604,353.93558
1712,23137.756,4314.049
1713,2693.9182,687.1128
1714,6606.716,4530.38
1715,13624.76,9754.588
1716,3976.879,2019.7855
1717,2722.1987,141.88759
1718,3958.5344,776.4195
1719,4248.138,2022.2786
1720,13447.442,9731.658
1721,5432.615,246.9159
1722,59671.684,14051.192
1723,7316.9453,721.3285
1724,4252.3706,466.20914
1725,25321.564,4184.67
1726,9371.485,1982.8914
1727,3274.1536,1389.422
1728,24054.244,57.299435
1729,2692.7441,240.66066
1730,13752.313,9239.61
1731,7387.7573,401.73752
1732,8250.917,2110.2905
1733,4994.1577,734.2054
1734,9753.352,103.0454
1735,4650.6113,148.13246
1736,45789.523,28034.904
1737,8672.3125,6213.955
1738,4693.864,3119.8706
1739,4560.3335,2256.4043
1740,167108.89,91921.89
1741,3828.7178,900.4452
1742,5848.247,3613.996
1743,6200.682,243.93616
1744,40864.414,2832.615
1745,12673.727,2952.6274
1746,104030.44,1568.4703
1747,27922.348,1644.9625
1748,125228.85,7070.282
1749,3913.519,2165.1873
1750,5172.191,257.23062
1751,3856.4766,27.711071
1752,97589.32,48075.98
1753,4869.1406,1482.6206
1754,6954.877,5286.3247
1755,2662.5776,103.83986
1756,11500.813,3320.719
1757,8702.023,41.506023
1758,11187.259,858.46436
1759,2857.7544,513.27606
1760,4470.004,603.9395
1761,95877.27,40402.09
1762,6688.3438,204.74307
1763,6088.852,1085.0631
1764,16997.79,174.6091
1765,47004.523,8320.9
1766,4202.786,2529.0557
1767,4013.7202,533.3056
1768,4913.7837,2427.2869
1769,68938.13,23180.729
1770,10236.362,4241.8994
1771,5768.224,3496.4897
1772,7290.9346,1540.2275
1773,25799.516,17530.082
1774,27129.49,6935.8887
1775,40391.887,8256.264
1776,32639.994,10885.265
1777,49736.125,12391.242
1778,11471.063,2350.882
1779,10838.658,6252.527
1780,24850.121,15955.5
1781,4250.557,353.1761
1782,261935.75,65539.56
1783,16776.63,657.49915
1784,8680.281,1682.5303
1785,2763.1797,391.2127
1786,6113.8594,680.1899
1787,2954.912,338.50128
1788,12519.518,2497.6125
1789,3222.2283,134.30075
1790,24713.883,4894.16
1791,34359.285,21317.9
1792,11117.098,5186.7637
1793,6764.7603,688.7503
1794,5649.3525,1268.8868
1795,10763.731,1942.0396
1796,5237.127,701.04675
1797,7486.055,2515.8284
1798,5191.8657,1475.341
1799,6388.83,1244.6774
1800,22725.578,15868.043
1801,2726.7336,331.1551
1802,252478.03,45403.14
1803,63566.37,36748.484
1804,8978.937,1561.771
1805,14867.89,10974.176
1806,105486.92,12628.499
1807,3856.0447,1180.4244
1808,17647.44,4553.2363
1809,4159.293,2623.9644
1810,3136.3132,758.8585
1811,3339.6536,1577.5409
1812,36966.2,20780.502
1813,2803.255,385.96515
1814,30192.357,10302.289
1815,3645.808,1655.4341
1816,3316.7053,1545.1522
1817,9186.973,3050.1611
1818,3541.7385,350.14706
1819,3315.318,1558.3572
1820,3196.4102,1442.5854
1821,9680.659,150.17506
1822,51292.45,6548.845
1823,7727.608,5075.7515
1824,1397250.1,518782.0
1825,13638.439,3261.3665
1826,15840.644,1813.5146
1827,5397.2314,1302.0355
1828,4119.0596,250.48009
1829,2783.0466,1010.07697
1830,8952.103,3191.6619
1831,11976.832,195.92235
1832,20849.818,5307.3745
1833,2679.3638,107.62497
1834,95159.195,35914.492
1835,3730.187,1718.8098
1836,10465.343,821.8892
1837,10392.678,2511.5078
1838,10479.049,7930.4434
1839,5848.424,1358.927
1840,3476.7805,1503.781
1841,25088.799,7416.87
1842,64256.79,10681.709
1843,233052.39,80774.23
1844,2837.8525,926.98096
1845,6201.8564,1241.9095
1846,49685.53,9562.995
1847,7245.356,384.2993
1848,7466.535,1302.734
1849,56258.277,14013.507
1850,3795.7725,742.4598
1851,7394.98,2382.414
1852,14827.46,2612.5776
1853,3549.6006,1060.9452
1854,6753.799,1269.24
1855,9529.951,95.73802
1856,43177.95,8597.613
1857,30506.586,16600.18
1858,7036.7915,2364.3958
1859,4807.778,999.1615
1860,6407.3374,4547.975
1861,57996.273,11935.835
1862,10139.404,1938.317
1863,35503.957,7650.6313
1864,2662.0222,140.68768
1865,4575.7183,2056.9822
1866,4841.0957,275.62317
1867,18702.275,315.9052
1868,6743.196,5181.097
1869,22725.703,16175.245
1870,4043.5085,1536.8322
1871,211211.02,46824.65
1872,57280.344,9704.642
1873,9628.247,450.0324
1874,3161.8298,1363.3895
1875,5660.9883,450.45877
1876,4281.266,123.24757
1877,2732.6543,560.147
1878,3607.6846,478.92902
1879,36479.383,19824.016
1880,3196.3699,1047.3206
1881,4564.0327,927.37494
1882,2917.0886,138.12572
1883,27497.39,11041.313
1884,7348.824,93.38627
1885,2800.3955,351.95245
1886,7320.1196,556.8552
1887,4596.0347,1575.0504
1888,37500.668,918.8062
1889,4666.639,1858.7178
1890,7322.0767,459.43246
1891,3943.0615,2403.0461
1892,8845.755,6118.244
1893,4776.6367,1730.8381
1894,4720.983,839.4946
1895,6397.029,667.32294
1896,9239.488,7263.7954
1897,16253.309,500.1788
1898,9342.001,4929.5166
1899,9148.095,292.86624
1900,12072.803,50.928307
1901,4076.9004,2467.919
1902,9042.665,1012.03296
1903,3473.2397,267.11642
1904,9960.628,2511.2114
1905,4413.613,611.74786
1906,3234.5476,930.63336
1907,3796.1643,1134.0027
1908,5527.6387,3639.6926
1909,6669.7427,43.061565
1910,3041.8772,581.8631
1911,628452.75,223424.42
1912,2939.3787,320.92352
1913,4292.3223,2746.117
1914,2828.9458,322.16922
1915,11149.209,1336.9592
1916,2822.5251,414.44138
1917,46653.66,8164.9487
1918,8622.353,3196.5505
1919,3369.6519,1012.706
1920,17665.76,6518.5938
1921,2769.7603,616.468
1922,8932.829,900.6929
1923,78569.35,6201.516
1924,17637.424,3213.0835
1925,122808.96,70614.77
1926,6356.7246,507.99527
1927,17725.484,2713.2068
1928,427198.3,217293.2
1929,7331.485,4751.417
1930,3977.5776,1676.6871
1931,32712.467,1891.607
1932,7314.612,2688.1921
1933,20854.375,897.7985
1934,5528.74,1465.6111
1935,3460.9517,1493.597
1936,4048.5684,1636.1866
1937,3773.3318,83.47991
1938,6766.1157,435.98474
1939,3491.8975,416.08072
1940,53746.773,30706.668
1941,13354.6875,3854.2712
1942,3313.4077,817.0598
1943,21898.05,15648.107
1944,4135.7886,1954.0536
1945,6117.717,1446.8151
1946,7767.4434,260.78418
1947,4182.4854,106.42849
1948,9552.962,125.35314
1949,3048.6611,1195.5509
1950,95989.03,23130.848
1951,3130.0676,1233.0083
1952,6626.996,781.9006
1953,9734.02,5968.98
1954,4585.1377,238.23932
1955,14927.38,799.75323
1956,9468.225,7010.341
1957,3613.5557,1678.7096
1958,6774.051,5083.588
1959,292933.94,147743.69
1960,7114.2515,2319.5674
1961,82840.36,3454.5396
1962,14196.792,10206.118
1963,18661.273,4831.352
1964,14372.875,2260.074
1965,17871.814,3186.9783
1966,29533.893,11884.978
1967,4604.725,1773.0214
1968,6682.802,1429.9642
1969,5075.3003,3050.93
1970,4222.5454,2155.1345
1971,3934.5938,482.2091
1972,7191.1235,2573.689
1973,4383.434,664.30994
1974,13633.723,4551.1997
1975,12164.225,1341.5022
1976,12465.353,6941.8696
1977,4154.8086,576.1511
1978,12908.098,1085.5963
1979,49076.99,10659.952
1980,4496.723,2288.3833
1981,5914.299,4285.5815
1982,2699.4194,307.4558
1983,16936.146,8622.254
1984,6294.0703,2382.668
1985,3069.7363,1133.2173
1986,19994.232,14239.112
1987,74992.055,16392.129
1988,4787.55,196.07008
1989,5885.9766,172.3628
1990,11394.643,76.6487
1991,4087.3972,1755.2394
1992,9182.49,435.43243
1993,7952.565,1773.9181
1994,4114.777,29.8715
1995,9981.313,1212.923
1996,29740.393,5641.954
1997,41175.04,26519.766
1998,827316.5,239728.27
1999,8555.845,4950.551
