,GDP,TAXES
0,388213.66,55312.297
1,19233.553,935.0621
2,25427.963,1661.1201
3,759016.0,126010.48
4,241503.86,51472.7
5,16865.447,1181.2931
6,38498.133,3627.206
7,24920.26,1994.1637
8,467013.22,22558.668
9,47533.945,4458.7666
10,364736.56,46740.05
11,589651.7,18541.123
12,22566.719,1433.7633
13,98035.76,8507.121
14,203806.0,43239.055
15,23647.021,1182.1001
16,28485.803,1462.6757
17,55822.402,4195.8267
18,1212514.1,220422.53
19,77941.875,7534.8726
20,161332.8,16460.104
21,172301.48,28595.543
22,34801.375,1773.9346
23,55253.297,2812.6982
24,612010.56,15052.412
25,437561.28,14917.45
26,73727.75,6093.4966
27,2111108.5,127231.1
28,694394.3,134591.27
29,14898.595,754.9227
30,37064.43,2145.391
31,50125.25,5477.4307
32,46549.434,2855.2844
33,92713.92,11901.444
34,6223.0083,381.38654
35,687276.5,143345.31
36,445589.88,74638.51
37,165963.34,33213.023
38,90981.06,10700.291
39,68310.49,7909.1655
40,24248.084,1453.9117
41,86249.05,15067.559
42,236610.72,28010.72
43,11365.779,550.9156
44,30698.072,2368.1108
45,23791.531,1482.239
46,47946.938,5133.152
47,84194.625,12274.008
48,49104.855,6478.8286
49,61009.574,9932.61
50,4123670.5,503240.47
51,47331.41,5872.924
52,155331.78,31362.133
53,338736.8,72396.305
54,150223.3,30190.666
55,113241.375,13782.197
56,90888.41,4386.4165
57,43888690.0,8815446.0
58,67587.73,10128.979
59,153931.12,20301.16
60,50590.63,7275.824
61,72850.25,6585.3047
62,51850.523,7669.601
63,137455.36,11175.13
64,103697.1,11178.148
65,220724.53,28893.248
66,317492.38,39508.293
67,1653317.0,263041.88
68,724318.5,146967.42
69,46685.43,3438.6892
70,424448.75,90340.516
71,11612.46,653.65
72,17620160.0,2308543.2
73,352929.16,49612.758
74,84333.22,4445.91
75,1945238.5,270007.6
76,1767472.2,327695.16
77,338072.84,32072.238
78,66918.07,7701.908
79,325055.94,37252.062
80,35067.414,2214.547
81,58107.305,6992.8325
82,30068.367,2062.8955
83,67697.72,11390.952
84,75244.68,13390.145
85,642857.94,45907.117
86,61593.59,3365.7822
87,1171479.4,293560.2
88,570709.25,43647.688
89,35821.867,1818.2688
90,29366.365,2510.9067
91,33132.75,2509.9475
92,200059.6,27591.445
93,211901.81,44235.703
94,90248.91,17651.451
95,107146.69,13355.978
96,124662.83,19011.15
97,131004.35,17383.305
98,37660.805,2337.5598
99,89530.414,7691.434
100,33812.52,3657.0337
101,68772.49,12503.349
102,155018.47,27175.94
103,175065.39,36134.49
104,1155671.1,199760.42
105,329756.78,55120.176
106,40497.266,2113.2258
107,66913.07,12266.032
108,185424.25,29337.232
109,7658.334,356.05612
110,1727578.2,422818.94
111,2903399.8,158607.1
112,42213.52,2912.5168
113,542890.4,24524.48
114,98519.49,12326.205
115,307302.44,28898.64
116,163606.1,15305.41
117,104512.19,18915.395
118,38339.906,4245.0234
119,176962.17,36610.633
120,758934.3,163712.11
121,388684.06,61296.008
122,29632.082,1509.2833
123,163749.33,33475.668
124,3556.8237,180.6555
125,939671.8,19460.63
126,14020.464,824.0583
127,26208.908,1736.0416
128,245141.16,52997.812
129,59464.29,8386.958
130,42537.527,2547.0142
131,241894.5,50645.594
132,44551.355,2680.117
133,50959.35,4768.928
134,10210.669,626.9558
135,17482.72,862.7353
136,60334.703,3285.407
137,3369.6943,198.99829
138,118423.836,23538.639
139,136073.73,25842.58
140,27408.922,2682.6091
141,9461.381,595.0021
142,104516.44,8198.365
143,59091.746,9253.29
144,53531.105,5775.981
145,19054.01,932.21796
146,37977.336,4576.532
147,29511.592,2082.1853
148,18483.297,936.3782
149,68075.84,3477.567
150,38833.855,2283.3298
151,48779.695,6009.8867
152,22297.105,1378.5587
153,100992.28,6211.015
154,1111338.8,227272.25
155,1176757.1,103719.875
156,87777.02,12756.583
157,118852.78,5416.713
158,6424748.0,1320506.1
159,91794.71,10391.765
160,72850.89,5689.3584
161,101493.17,14111.318
162,217069.53,13318.621
163,79091.18,3836.49
164,129292.18,6624.2573
165,740403.9,75493.6
166,46821.05,2426.0586
167,24381.057,1666.0143
168,66793.72,9964.456
169,23385.598,1403.9187
170,1183099.9,296539.22
171,49594.785,5459.703
172,23819.447,1190.9314
173,72868.73,12494.868
174,56928.484,6734.3506
175,48728.734,2740.853
176,77633.805,4181.3125
177,29140.986,2563.5222
178,20016.418,1376.554
179,7598.294,425.45447
180,561694.0,104490.27
181,1451178.2,193226.64
182,5431.363,307.11557
183,148703.55,9194.673
184,83440.09,5148.7593
185,11263.365,566.0009
186,22228.883,1114.9227
187,22110.633,1104.6145
188,64186.207,10025.494
189,683556.6,37612.992
190,139869.75,21180.227
191,36174.383,1897.6135
192,72491.99,11547.857
193,463636.62,100818.34
194,75764.72,10843.015
195,122763.53,24163.621
196,9232.928,571.58997
197,41007.207,2416.7642
198,12491.452,664.68243
199,158730.62,9352.182
200,80072.234,10888.325
201,12411449.0,1253629.9
202,13897.821,912.85846
203,242804.52,14679.728
204,68938.43,10901.124
205,399284.62,83659.71
206,1670949.5,197541.83
207,154756.4,30419.99
208,231455.56,26319.873
209,21201.678,1247.7957
210,123420.36,21117.252
211,139362.81,27434.756
212,112524.016,20660.562
213,47654.188,5401.281
214,189752.4,11414.991
215,47986.75,2446.4426
216,42584.727,2504.145
217,778961.0,179965.56
218,65290.406,5743.186
219,52520.438,7395.24
220,76334.516,11219.536
221,78965.445,8780.517
222,17024.236,827.1562
223,5594370.5,980322.06
224,266244.47,26636.2
225,25061.791,1629.513
226,1329579.9,314119.66
227,90128.49,5944.392
228,3924314.8,1174232.6
229,274716.78,23838.598
230,47764.504,2452.0723
231,42617.188,3290.721
232,57487.188,7693.7607
233,143775.31,25076.764
234,241288.9,21920.447
235,369055.3,45926.527
236,40395.48,3220.5818
237,20286.79,1553.2207
238,56555.12,2834.992
239,39650.395,3287.599
240,132342.64,17423.604
241,175971.14,26080.363
242,122574.7,11308.247
243,25053.646,1849.967
244,82223.9,12146.395
245,564117.4,49252.535
246,322247.6,69342.516
247,478122.0,22947.93
248,28544.63,1950.6924
249,23280.023,2116.3408
250,10766.947,712.21063
251,15305.679,1093.5703
252,363610.6,49030.348
253,11424.532,653.2705
254,286346.6,59435.7
255,9612.018,506.00964
256,23237.684,1636.0322
257,48238.094,2461.2217
258,325480.6,30792.861
259,1776889.8,414914.9
260,103436.36,12565.982
261,130525.96,25728.484
262,10449980.0,3662989.0
263,5224.678,297.17545
264,45907.67,2347.8318
265,215242.34,7960.8857
266,1014022.8,106635.11
267,18219.79,1009.9317
268,20757.334,994.40845
269,141746.28,20448.0
270,130207.055,12302.841
271,18747.402,923.1625
272,102467.08,6569.821
273,51552.277,7537.2554
274,4846089.5,1525832.9
275,23940.475,2192.8752
276,48993.7,6132.61
277,115670.195,12764.232
278,64023.9,8823.891
279,18623.303,912.6555
280,166599.23,30485.926
281,69046.07,9471.172
282,69537.85,12898.464
283,85248.914,5097.9414
284,166932.3,9683.971
285,359893.34,15505.302
286,135831.61,24660.973
287,974348.25,63617.062
288,30768.697,3369.4316
289,15474.264,1031.1246
290,222582.62,12011.678
291,51270.773,5318.648
292,269252.1,43994.875
293,27529.955,2231.1873
294,37849.25,3599.3225
295,18719.06,884.0769
296,64135.98,5764.4507
297,33257.03,3320.245
298,247799.9,16674.326
299,129263.94,17829.383
300,116511.57,5230.162
301,22391.656,1839.2633
302,12247.985,579.96844
303,69161.33,6868.6196
304,15593.002,967.87463
305,57579.605,5037.488
306,80218.22,8558.273
307,62011.176,6137.3286
308,91475.98,12001.6455
309,50251.66,6756.8584
310,237420.03,23829.857
311,123918.414,15169.112
312,28722.037,1474.9222
313,106490.49,8860.769
314,25111.508,1262.5054
315,174761.19,13971.765
316,40583.797,2294.7917
317,50120.516,3356.5598
318,39248.316,3077.363
319,2334319.2,297138.25
320,82321.45,9781.717
321,751196.25,79637.27
322,19738.832,1501.1243
323,74853.445,14259.294
324,53748.484,7989.098
325,177184.6,33444.15
326,610570.9,29519.727
327,222367.19,46113.43
328,110199.85,6355.6045
329,471695.47,105612.89
330,36993.973,1908.5878
331,58357.938,5539.611
332,434993.78,78074.55
333,193145.61,32674.848
334,41664.414,5114.135
335,27775.182,2164.8843
336,69554.805,7398.269
337,71466.75,6627.8364
338,254299.47,17009.047
339,100188.48,15192.03
340,127626.07,24999.98
341,258477.17,16468.582
342,55615.867,2909.8687
343,19957.627,1558.5377
344,432148.97,92667.21
345,33010.164,1815.0336
346,232468.44,9572.434
347,37932.164,3776.824
348,30732.977,2530.0735
349,5405.9497,289.12494
350,14599.023,582.4991
351,437582.44,39210.758
352,823241.7,193777.12
353,55468.777,7313.6685
354,80633.87,12018.986
355,8725.123,480.82684
356,201475.88,42893.637
357,58509.414,6465.377
358,512899.72,39517.535
359,17473.203,836.0507
360,44957.977,5693.258
361,11435.853,745.9005
362,740788.5,88053.96
363,17182.635,1204.4304
364,155488.77,31608.3
365,144920.7,28158.979
366,109658.65,8985.938
367,45624.168,6055.3574
368,169785.97,22639.855
369,35979.773,3430.8413
370,18781.975,1419.7969
371,14078.541,873.64496
372,27084.104,1415.4838
373,204319.98,41794.35
374,440002.38,92513.91
375,228036.61,36916.395
376,42954.06,2602.9644
377,102655.47,6893.491
378,671340.6,97496.25
379,17631.809,1107.4178
380,1270919.0,103821.734
381,94473.055,17943.344
382,259241.98,18406.46
383,43211.812,5532.578
384,92616.555,4505.0034
385,84396.766,10470.216
386,63994.805,7397.0347
387,800696.9,105859.82
388,1738893.5,98986.92
389,145968.6,15130.489
390,28630.729,1461.3048
391,15394.803,822.89825
392,39209.426,4564.341
393,57830.758,7063.695
394,581416.4,13854.522
395,83032.23,5693.2856
396,139853.02,5778.604
397,862537.8,95586.65
398,12817.233,629.7758
399,226124.55,31152.82
400,29684.705,3197.8337
401,28315.795,1418.9756
402,233450.12,12830.469
403,36555.082,2173.3662
404,64565.414,8917.757
405,22516.428,1659.3282
406,14690.063,875.366
407,111684.82,21521.635
408,60163.766,10004.173
409,754558.94,17926.43
410,57625.773,6134.3574
411,967240.94,150392.12
412,537929.44,123122.73
413,219525.53,45780.88
414,27072.033,2127.5413
415,28864.172,1437.6395
416,40696.062,4848.3594
417,180258.84,9276.417
418,318186.12,24744.186
419,107691.81,21354.96
420,866836.6,75105.85
421,163501.94,19971.043
422,583091.3,67281.87
423,106477.4,11295.651
424,25131.31,1265.7963
425,1518807.8,59498.64
426,26316.81,2038.3431
427,19937.172,991.9734
428,1118638.8,173876.19
429,47817.344,5262.165
430,27691.598,2874.8572
431,223664.22,47431.555
432,452637.72,69484.35
433,149412.69,8689.77
434,1057897.6,43408.06
435,149614.77,15793.165
436,32853.562,1669.7117
437,1140537.0,42924.027
438,59221.844,9544.633
439,773097.25,76775.55
440,497172.38,61875.293
441,33482.984,3635.7266
442,29170.469,2578.7693
443,61100.008,7916.3457
444,2108845.2,566950.7
445,47876.656,2951.1106
446,66679.125,11850.604
447,104993.41,4839.2144
448,419493.28,23415.555
449,68882.9,6040.858
450,53089.598,2766.1072
451,20328.686,1103.7579
452,28365.582,1444.2439
453,1660893.1,450575.5
454,755809.3,67101.63
455,224508.61,40634.223
456,42277.62,5386.9272
457,2113465.0,519808.28
458,36638.457,1861.9276
459,1034958.9,187786.34
460,159910.5,31453.45
461,199016.97,23147.742
462,363295.72,16182.563
463,67710.28,3463.5195
464,64916.707,5381.698
465,368822.0,76004.76
466,4372525.0,445870.3
467,99184.484,11331.028
468,549.5599,43.199883
469,40111.43,4941.1646
470,86672.055,6350.4775
471,180514.73,34877.152
472,46461.504,2801.4841
473,84437.914,9104.057
474,432102.94,55780.56
475,68834.734,7151.44
476,12617.883,777.30316
477,76098.445,6440.8228
478,19460.354,931.87415
479,58112.793,5168.83
480,490150.62,85647.92
481,20612.732,1210.3448
482,18309.51,945.74756
483,49211.832,6538.011
484,506433.72,32839.645
485,58951.25,8244.262
486,261759.52,53135.258
487,295573.16,47267.375
488,17747.021,944.2732
489,22209.44,1774.3524
490,868102.44,137740.44
491,100709.7,5596.57
492,165966.81,16213.385
493,130951.15,19988.81
494,60068.652,2977.465
495,61721.605,9021.398
496,282898.47,16868.207
497,237980.11,18776.717
498,122277.766,22585.73
499,16639.395,1041.8584
500,18167.453,880.8161
501,48493.414,6711.6265
502,5913.698,302.1952
503,156131.48,14703.602
504,60926.168,6894.407
505,32600.92,2590.9402
506,217643.0,16579.78
507,112760.61,21747.34
508,14289.072,759.7856
509,21785.793,1586.9045
510,198189.44,40974.668
511,34357.285,3592.2695
512,101671.85,7674.7646
513,296152.34,20904.076
514,1502746.1,189037.27
515,6814255.0,2247165.0
516,63014.83,10883.771
517,10309.882,576.8461
518,65121.52,11482.468
519,543028.7,34387.742
520,718870.0,65575.984
521,131619.98,14310.833
522,675961.1,43902.52
523,24943.61,1469.391
524,82754.81,15222.837
525,53487.516,2822.0293
526,2376952.0,576288.75
527,227773.86,44657.63
528,75835.05,7461.397
529,31541.29,2524.3838
530,70319.375,12751.794
531,302992.88,37670.066
532,56550.586,8949.576
533,59400.797,5349.976
534,151741.77,22102.889
535,85186.13,14676.359
536,228481.45,42229.14
537,56765.58,4027.6016
538,807992.44,50823.74
539,349211.8,32948.75
540,22452.242,1251.3999
541,439231.06,41902.28
542,79326.336,11543.269
543,60408.277,3112.7998
544,87610.836,7615.386
545,3945688.0,1205609.9
546,92886.94,17963.588
547,71388.17,6522.567
548,86427.164,4228.663
549,122998.15,13842.419
550,22193.62,1894.7738
551,20488.72,1492.4839
552,59570.938,9776.488
553,47140.09,6372.196
554,38195.625,4271.2866
555,8115.693,515.9299
556,24599.613,1238.0696
557,67519.56,11044.502
558,356019.38,78498.13
559,152448.98,29509.291
560,206892.11,36777.426
561,28207.531,2578.0854
562,27898.11,1391.6083
563,80677.086,11167.905
564,1977584.0,53001.363
565,23908.453,1194.6776
566,58259.984,8602.863
567,28082.654,2539.7537
568,11917.109,723.223
569,14813.287,814.2822
570,60656.18,7142.655
571,30364.297,3104.2927
572,66485.39,12046.334
573,2943923.0,433835.22
574,18400.057,1391.3463
575,55205.09,3291.9768
576,34447.223,1750.1312
577,154516.67,14255.067
578,61409.85,5932.7793
579,50745.34,5141.15
580,57693.77,8692.637
581,181600.53,37803.44
582,82730.65,9123.91
583,114585.266,12579.496
584,166198.77,28833.922
585,1703439.0,214246.4
586,30767.516,2769.8423
587,71051.305,8934.486
588,87392.46,8551.792
589,69098.555,10981.4795
590,6623875.5,609226.9
591,3780962.8,997507.44
592,172514.83,35467.02
593,36751.55,1856.5873
594,155459.23,27559.11
595,12142.301,732.0678
596,21021.92,1522.2979
597,31794.832,1631.914
598,25143.73,1615.6102
599,71595.01,8458.002
600,85680.56,12598.267
601,1238198.1,212532.1
602,38122.18,2187.8093
603,1263102.2,213257.66
604,28344.879,1434.3711
605,35939.305,1910.3048
606,67498.44,5985.9224
607,547936.75,44955.066
608,234187.69,26800.625
609,76586.87,10127.699
610,196044.89,37466.71
611,34762.996,2033.6788
612,218755.83,33117.8
613,43571.938,5103.581
614,59907.617,6797.8745
615,53875812.0,15656804.0
616,42173.54,2408.5232
617,48833.016,5356.1533
618,74814.086,11833.61
619,1493213.4,192170.67
620,65694.24,11795.149
621,23879.78,1185.9833
622,18408.623,1050.1094
623,60434.02,7848.611
624,97251.32,4579.3975
625,19259.398,1382.8922
626,73370.49,6283.8027
627,27599.475,1876.8534
628,105274.14,20503.123
629,145817.22,26156.242
630,65299.44,11253.031
631,149824.84,6295.0103
632,203300.02,29662.584
633,23196.795,2007.3298
634,57090.477,3641.6375
635,85620.75,7543.365
636,138172.12,11075.1875
637,2974117.8,866129.75
638,151700.78,30544.793
639,24841.256,2380.116
640,92253.53,6557.7134
641,570236.94,118248.305
642,69844.0,8535.91
643,1454199.1,379542.88
644,191029.84,23547.22
645,10380.122,630.33203
646,650526.3,149067.92
647,15347.261,1010.70044
648,1025457.5,249115.06
649,11172308.0,3946416.0
650,275564.16,41463.71
651,2927821.8,807280.4
652,393448.78,11717.804
653,148229.67,29700.55
654,520474.75,20367.045
655,9385.923,515.93616
656,51959.945,2669.1296
657,88081.23,10777.0
658,17769.912,903.94934
659,22041.262,1621.8334
660,55365.28,6761.842
661,40684.625,4149.5566
662,405638.8,88769.67
663,176359.14,28163.154
664,92772.984,6617.602
665,101656.336,9038.828
666,193089.22,31842.273
667,20879.371,1481.8444
668,162959.62,29255.885
669,4931.1353,228.98347
670,95352.266,18132.658
671,63262.176,8707.725
672,52960.816,3391.406
673,64597.324,5713.0576
674,115126.13,7588.035
675,893792.56,128754.86
676,20934.164,1534.6511
677,4509.957,244.59296
678,60713.684,5722.9644
679,149712.2,30058.465
680,14615.414,710.73535
681,26538.436,1351.5732
682,100004.39,9400.99
683,197019.6,16978.168
684,3101037.8,229257.44
685,956380.9,149932.64
686,105963.086,11670.836
687,43112.527,5412.1084
688,1395101.0,323565.06
689,6621621.5,1406372.5
690,22681.605,1121.9943
691,627269.06,143981.47
692,17996.951,1218.4642
693,219435.64,7931.114
694,840892.2,105534.766
695,26763.75,1476.9495
696,487811.44,58601.156
697,77884.9,8709.4795
698,51750.707,4120.973
699,20013.693,1280.9509
700,49850.883,3590.8853
701,54668.023,7640.0586
702,46240.94,4465.888
703,1880543.6,513787.44
704,23126.986,1510.5126
705,64109.93,11011.361
706,51952.016,6721.715
707,666361.6,120469.29
708,234915.72,51147.02
709,99277.31,16083.811
710,8520.798,485.0798
711,1105579.8,159291.56
712,292828.47,9900.953
713,50869.965,4130.189
714,46946.96,3860.5732
715,25622.77,1338.5618
716,66327.18,8339.856
717,50998.867,6410.4614
718,41768.617,3435.293
719,19553.713,955.5233
720,55653.742,4727.625
721,67888.34,12313.827
722,420945.72,91636.516
723,24284.691,1624.8741
724,63545.996,10375.165
725,12972730.0,3277577.8
726,20331.363,1583.2228
727,10927.92,709.02106
728,51478.35,2608.1367
729,110128.85,7490.5527
730,24427.95,1227.9285
731,76203.96,9863.005
732,232347.48,26425.736
733,87061.76,7019.055
734,30704.105,2582.8354
735,9833.647,547.1576
736,66675.68,3470.3904
737,71774.3,7300.126
738,29505.824,2995.8335
739,359049.1,73952.484
740,42756.434,5199.1304
741,21574.156,1280.9644
742,181789.25,17950.576
743,33027.492,3415.1035
744,406717.16,12620.599
745,110700.33,21307.135
746,83131.75,10805.638
747,64964.406,11589.774
748,213728.34,8257.969
749,93658.28,16148.06
750,6727677.0,296837.6
751,162908.98,24718.742
752,48653.996,3569.3816
753,1102917.2,124741.555
754,121653.6,21375.275
755,313670.25,55828.41
756,35427.906,2569.9053
757,14678.745,878.6626
758,756479.3,69984.016
759,384672.06,75297.74
760,1331679.4,324408.8
761,87694.47,4402.95
762,80886.67,11549.189
763,47079.363,2864.0005
764,214506.27,25311.086
765,1635030.1,91447.45
766,638583.56,99168.16
767,15046.332,1058.9731
768,824467.3,77519.33
769,2933774.8,713576.06
770,87061.57,11277.225
771,62275.98,10455.225
772,178636.92,10055.567
773,72299.0,9536.588
774,16570.498,959.7649
775,17972.525,879.5902
776,10283.179,657.2068
777,93217.86,9342.678
778,64420.676,10488.177
779,33513.914,1733.9813
780,1718635.2,448926.7
781,24704.822,1664.4648
782,96408.984,11487.461
783,47132.74,2446.871
784,34138.74,3462.97
785,1639470.4,122263.54
786,135603.17,25630.227
787,102468.766,11965.738
788,16666.125,1176.7145
789,58635.074,5282.968
790,2690304.8,639079.5
791,49458.402,2537.0793
792,3353880.0,694385.1
793,12842.223,807.6292
794,22652.387,1662.2477
795,163268.73,32995.742
796,571824.44,38975.5
797,104743.664,10968.466
798,498833.5,83953.7
799,269467.7,12486.543
800,120931.4,24068.168
801,36217.9,3951.0657
802,67096.336,3335.7507
803,3604.808,193.9375
804,69526.78,11261.856
805,60144.152,5043.299
806,1334394.4,345258.28
807,27356.91,1497.7246
808,200449.42,34030.81
809,971775.6,144404.5
810,10710.67,713.1324
811,23688.469,1182.7524
812,35268.434,3943.2368
813,45717.234,4851.757
814,136443.7,27416.748
815,143902.45,10026.716
816,143214.9,17468.637
817,312375.56,54152.527
818,25938.805,1834.8572
819,88153.69,4266.295
820,111013.99,15766.95
821,149910.25,23523.396
822,186079.95,29618.227
823,86822.54,6838.201
824,203511.73,9095.863
825,359196.2,52827.883
826,103113.42,4789.0483
827,927068.0,166065.42
828,71177.01,5345.261
829,142661.53,26541.379
830,53781.188,7829.181
831,33741.723,2134.5806
832,102863.75,5698.877
833,139658.45,17661.783
834,14679.873,862.7727
835,206557.31,38569.426
836,919958.0,26590.586
837,53892.73,4979.1313
838,229973.42,19091.725
839,145452.48,25038.164
840,19679.54,1076.6545
841,24747.01,1247.9244
842,1212783.1,90304.22
843,7408.0967,411.3941
844,58544.434,9106.001
845,75674.516,4650.8003
846,46502.945,2378.6191
847,1782668.1,308118.34
848,61764.246,7657.434
849,19617.193,1302.9586
850,50068.54,6601.604
851,93904.78,9148.843
852,38290.227,4097.2983
853,28012.812,1489.6672
854,26834280.0,8323924.5
855,914309.94,89223.16
856,120069.97,17648.951
857,13764.867,646.64594
858,436037.66,91068.91
859,8600554.0,2695310.2
860,691317.1,127746.07
861,148293.81,24457.873
862,256617.92,53859.484
863,137216.66,25800.139
864,337523.94,29012.934
865,23324.771,1344.4417
866,26661.742,1354.0977
867,19912.91,1470.2577
868,9467.086,582.9211
869,72622.96,7173.672
870,69190.8,9715.734
871,45718.04,2570.6926
872,61738.617,3025.7317
873,24309.74,1218.9514
874,143422.3,28640.412
875,174084.97,5857.9897
876,93254.81,5239.013
877,192593.77,40211.66
878,25518.273,1629.9183
879,349536.72,58512.496
880,25734.277,1404.6141
881,1007095.94,191977.3
882,98921.3,14097.629
883,8018.9204,464.43423
884,18307.74,1206.3679
885,58983.43,5720.888
886,96888.84,16512.234
887,98532.586,7176.9097
888,282415.56,8789.651
889,46390.348,2774.5647
890,76695.25,3789.4534
891,52130.633,2704.415
892,296656.78,44968.64
893,67767.695,3474.6453
894,92059.76,13399.97
895,203891.06,16247.742
896,13987.621,994.5416
897,116411.58,8546.137
898,1201460.6,161167.61
899,545374.5,48014.316
900,53465.555,6927.715
901,118730.05,13382.076
902,4091977.5,687036.56
903,38673.867,3141.688
904,24074.643,1814.5026
905,313573.12,58286.027
906,110267.99,18979.99
907,2941732.2,587412.7
908,57461.82,8085.679
909,28550.62,2323.7605
910,7876.1616,462.15158
911,15623.353,804.4304
912,162725.22,28203.629
913,16729.193,971.8146
914,25551.75,1291.6086
915,24783.283,1247.1157
916,60063.906,9741.081
917,50232.74,2615.6616
918,49254.48,5204.3076
919,21435.535,1700.956
920,44380.918,2460.0828
921,43546.16,5229.3726
922,10565.302,633.2743
923,18898.912,934.2319
924,47473.34,2426.8645
925,51160.78,6133.004
926,544327.56,34239.04
927,3442166.2,1033919.6
928,59372.24,3352.6465
929,1002887.4,245844.38
930,51722.305,2712.0586
931,69697.375,8711.741
932,665431.6,103048.46
933,72851.45,3684.1018
934,193519.84,40904.188
935,225904.92,15424.444
936,65289.76,8072.5376
937,269933.78,29575.787
938,112535.75,17841.936
939,72483.72,11569.509
940,30658.19,2784.5718
941,176824.67,35969.977
942,145617.72,25129.352
943,583637.7,129479.13
944,24595.94,1667.3639
945,13861.309,950.6443
946,531276.75,110093.06
947,27007.223,2677.9138
948,66527.67,7443.706
949,289905.8,31336.043
950,30982.846,2810.2595
951,1089180.5,254245.86
952,8236.566,432.0951
953,116282.3,23169.176
954,17747.197,1224.9015
955,34679.965,3496.603
956,11969.746,728.3558
957,49902.96,2556.3325
958,124877.22,9053.697
959,21853.713,1901.8938
960,64360.09,4192.994
961,1207192.8,304864.94
962,2377228.8,558524.44
963,4064457.5,1221049.8
964,107689.805,14044.992
965,50241.18,5852.0723
966,35544.56,1809.9371
967,84961.02,11091.97
968,638165.1,144555.83
969,29508.223,2203.3677
970,122842.0,22519.79
971,9964.703,600.9438
972,68863.38,5845.2397
973,341153.56,31824.273
974,51905.89,5729.9688
975,75351.83,6206.005
976,168405.03,32499.53
977,86033.02,5227.002
978,44656.16,3731.2295
979,9864.694,489.14447
980,84474.266,4159.967
981,1682932.1,166372.58
982,7075462.0,980185.4
983,17479.727,1080.205
984,88749.88,9994.457
985,462517.56,65165.58
986,1582788.4,61175.39
987,65467.496,5840.0723
988,56824.445,7478.5547
989,128127.305,25331.215
990,38910.04,2501.7432
991,284438.0,59970.793
992,19640.986,1166.3438
993,30235.615,3186.2874
994,250890.47,9565.373
995,23936.426,1192.7529
996,16644.457,1121.4678
997,29983.871,3066.5513
998,154071.97,26233.725
999,118413.95,18862.014
1000,111062.15,13700.891
1001,11252.933,658.8056
1002,141904.64,10289.481
1003,53167.53,6955.4307
1004,55643.598,8418.289
1005,497947.0,34156.06
1006,140221.11,28095.701
1007,24628.123,2101.3865
1008,22412.785,1314.0325
1009,41930.586,2134.2913
1010,857134.94,38469.824
1011,65332.79,11648.932
1012,72561.75,11680.565
1013,25223.309,1305.7097
1014,158128.06,18598.11
1015,1232769.4,92533.92
1016,60274.78,3135.542
1017,97116.23,5325.6455
1018,74557.75,11721.922
1019,5781.9834,325.11252
1020,153717.14,30135.824
1021,113971.58,11742.493
1022,59882.758,3007.796
1023,107470.46,19487.166
1024,4948964.0,1142763.1
1025,91160.84,7729.165
1026,94863.766,5063.3223
1027,20904.305,1562.843
1028,72238.46,3989.2202
1029,83535.61,8033.642
1030,250352.23,31603.963
1031,219086.08,22871.865
1032,63515.234,8576.391
1033,27362.736,1380.0497
1034,683420.8,159600.73
1035,15720.089,960.09375
1036,17048.18,805.75104
1037,11717.315,695.5938
1038,58956.625,9302.35
1039,549133.44,44139.35
1040,155187.23,9800.901
1041,97319.57,18175.273
1042,36465.605,1839.5249
1043,13949.248,825.49225
1044,30265.176,1644.903
1045,1738086.1,139744.34
1046,954606.8,227881.17
1047,20192.389,1567.8195
1048,852312.25,157374.8
1049,43204.887,3679.0085
1050,79837.84,13447.561
1051,42150.58,5153.473
1052,299962.53,44496.215
1053,45719.945,4705.4224
1054,54817.746,4880.284
1055,192719.83,40731.285
1056,731253.6,170747.42
1057,101027.33,4735.106
1058,82390.72,11220.522
1059,36835.66,3573.9346
1060,86943.12,4237.4355
1061,16503.807,1222.377
1062,14131.63,873.0351
1063,668315.75,155632.75
1064,226994.69,27464.502
1065,1216646.9,305715.34
1066,22577.523,1618.1053
1067,58012.32,3050.5764
1068,50283.895,6267.297
1069,129573.28,17123.781
1070,166461.73,18231.135
1071,18711.025,1118.7603
1072,10908128.0,3750861.2
1073,2347342.0,607844.5
1074,356789.1,41413.934
1075,41494.86,2656.9414
1076,3631.115,211.28291
1077,29358.436,1588.7228
1078,94098.51,17851.693
1079,161754.4,22945.158
1080,33850.074,3421.0273
1081,75730.29,3699.1555
1082,46248.914,2380.964
1083,20397.727,1515.5945
1084,143806.1,27590.627
1085,57380.176,8834.686
1086,22796.4,1576.1584
1087,78511.664,11653.345
1088,108679.016,18734.46
1089,127052.0,24918.234
1090,4038909.5,815761.9
1091,93321.59,13609.703
1092,137106.11,19371.543
1093,109751.39,4967.7896
1094,1368836.5,179718.16
1095,20926.994,1627.4576
1096,36972.207,3806.9622
1097,54851.4,5519.415
1098,71026.266,11501.887
1099,93113.21,13694.499
1100,82016.695,5537.0293
1101,53578.383,5633.4956
1102,30107.447,2780.3147
1103,63248.355,10378.139
1104,229793.97,34759.98
1105,33677.32,1718.439
1106,380401.88,83235.04
1107,654975.5,95696.27
1108,44439.24,3096.8713
1109,1277104.5,137672.39
1110,102179.25,8789.883
1111,160727.77,31789.246
1112,34442.797,3917.5967
1113,21921.0,1066.6854
1114,35856.414,1885.5614
1115,52291.66,6138.3833
1116,50971.996,4186.4043
1117,101295.68,4739.2666
1118,29003.54,2763.985
1119,22849.25,1336.775
1120,75835.96,11473.822
1121,475453.25,26773.568
1122,10380851.0,2448775.2
1123,29071.479,1494.5591
1124,155543.23,23891.16
1125,66227.05,11757.239
1126,19133.988,900.0819
1127,185729.28,8172.155
1128,32170.21,3372.2742
1129,1179562.9,128541.43
1130,56216.785,6277.8857
1131,48610.535,6456.322
1132,46037.797,3371.417
1133,720354.56,168661.69
1134,13977.918,904.28735
1135,503996.34,108719.234
1136,343155.53,74456.96
1137,27496.303,1379.1984
1138,185425.47,11703.93
1139,30678.46,1572.7357
1140,100636.86,5977.237
1141,242082.08,20863.398
1142,11413437.0,2134483.2
1143,37527.562,1697.2865
1144,291757.53,16358.022
1145,2561320.8,203955.98
1146,523887.22,118063.05
1147,11801.328,704.79065
1148,22779.863,2021.111
1149,76589.56,6380.6216
1150,1301150.2,158491.52
1151,5523085.5,1286442.1
1152,122564.74,7300.09
1153,33217.0,2507.3694
1154,82760.81,7281.9824
1155,33959.184,3105.0955
1156,742559.7,171078.08
1157,10601545.0,1593723.9
1158,52081.72,6482.6567
1159,34851.582,2189.941
1160,61358.426,7670.591
1161,746700.7,166579.12
1162,55277.508,3693.6157
1163,26925.535,1376.7467
1164,49411.453,5679.9243
1165,1094105.4,272823.4
1166,16911.154,985.12463
1167,55202.42,8468.21
1168,28168.627,1436.7842
1169,23613.656,1914.828
1170,212171.64,29739.707
1171,180257.06,17873.777
1172,1395560.5,97422.63
1173,12093.552,752.84143
1174,43972.953,2263.6104
1175,33608.246,1733.6787
1176,59028.78,8283.035
1177,18092.209,1235.4034
1178,113960.94,5248.4756
1179,228941.5,49998.39
1180,91761.766,6810.631
1181,131381.75,24929.783
1182,64276.688,7772.8267
1183,166644.8,29458.111
1184,15259.803,754.7027
1185,103909.32,8040.9224
1186,348790.28,20693.686
1187,39855.754,2113.2085
1188,94215.33,7733.494
1189,20203.41,1000.85455
1190,153557.22,26690.71
1191,179995.8,9193.017
1192,7667193.0,1204798.8
1193,25243.174,1279.5039
1194,47715.6,6389.5845
1195,6852729.5,939828.7
1196,25058.434,1260.794
1197,58721.855,2968.293
1198,143434.9,14284.319
1199,16030.058,951.00134
1200,187687.4,11660.064
1201,308010.78,22935.11
1202,47850.54,2705.263
1203,73537.516,10592.889
1204,50602.52,7109.2466
1205,53151.48,7924.799
1206,17041.816,832.36597
1207,158513.27,31538.104
1208,31602.818,3270.5337
1209,12550.58,790.0681
1210,87091.97,8614.116
1211,164394.42,16542.158
1212,38653.746,2813.855
1213,32893230.0,9520947.0
1214,80129.49,15373.604
1215,33310.277,3607.031
1216,98546.11,13767.738
1217,9254113.0,602812.6
1218,211420.98,38523.082
1219,280906.12,19715.916
1220,118077.57,10797.052
1221,19014.7,1332.7434
1222,94681.25,5184.654
1223,159341.6,32250.174
1224,155915.81,23446.479
1225,91504.41,5260.441
1226,294629.3,59004.285
1227,57018.812,5888.485
1228,1221482.8,149066.61
1229,17908.998,1086.3308
1230,724244.5,56575.305
1231,12687.858,742.28986
1232,250646.52,8144.5254
1233,139633.16,5859.9355
1234,50424.93,7351.3096
1235,21388.984,1791.132
1236,100505.125,19004.408
1237,46439.676,2601.513
1238,27389.549,1947.9913
1239,19104.201,1229.5778
1240,329445.9,18551.793
1241,48033.14,2986.264
1242,471659.75,28631.105
1243,53117.703,4524.939
1244,48619.875,5620.1943
1245,51957.26,2628.6936
1246,45759.92,5910.855
1247,360279.6,17323.8
1248,442046.78,97648.695
1249,22574.922,1580.7937
1250,2234178.0,627042.56
1251,112078.4,12581.154
1252,68444.88,5418.4766
1253,226329.22,48052.6
1254,82913.61,14848.476
1255,51365.715,6115.6084
1256,349156.22,46186.75
1257,249814.33,34308.242
1258,317758.12,22682.602
1259,1349852.2,174903.62
1260,28536.453,1737.3048
1261,93679.67,17802.213
1262,50556.094,6354.439
1263,44399.73,3704.2034
1264,267624.0,23314.326
1265,4270918.5,1294549.6
1266,53297.69,4090.5466
1267,205212.77,17606.64
1268,13806.582,935.6855
1269,264699.06,21558.836
1270,65015.785,9759.966
1271,1125090.6,267201.78
1272,141891.88,15935.401
1273,20757.973,1271.4075
1274,59609.21,7209.338
1275,54869.953,8353.781
1276,18525.271,913.56134
1277,139458.03,27299.15
1278,132236.61,6298.7505
1279,96476.97,9599.83
1280,13627.932,762.75995
1281,83101.445,4010.3657
1282,8822.452,514.7773
1283,7849.9683,505.4638
1284,568686.3,28835.094
1285,46039.113,3953.3547
1286,1018621.3,58413.387
1287,12295.737,608.4354
1288,81349.625,12308.056
1289,100968.67,14128.124
1290,23977.303,1194.774
1291,106254.92,20446.496
1292,41486.477,4450.2734
1293,9661.217,613.9263
1294,56548.35,4528.085
1295,59218.4,2730.7993
1296,33514.58,1840.6664
1297,705647.0,19245.299
1298,37405.715,2113.0437
1299,42554.113,4730.582
1300,117642.766,5181.225
1301,328729.4,24697.201
1302,50188.527,7267.469
1303,250764.61,53746.48
1304,3335324.2,661246.0
1305,16101.144,1114.1941
1306,62495.72,4622.561
1307,112212.49,6929.137
1308,63746.902,4149.6226
1309,128132.66,20499.521
1310,128408.125,10286.86
1311,54259.953,2749.8342
1312,586618.0,32722.346
1313,42123.516,4411.7715
1314,136749.66,9727.54
1315,25136.25,1341.19
1316,56141.41,4969.1123
1317,68536.02,12729.523
1318,31822.352,1595.0455
1319,89245.5,11868.273
1320,13637.93,666.2811
1321,11633.096,715.72485
1322,56751.992,7864.7637
1323,21976330.0,6576532.5
1324,49260.65,2970.5474
1325,18466.36,1334.2903
1326,94893.77,4110.356
1327,16571.498,926.9947
1328,199779.28,37274.645
1329,168569.31,34280.72
1330,48529.688,6762.2466
1331,326733.03,58815.938
1332,48817.74,2499.5261
1333,139191.1,21613.324
1334,46247.137,5789.4224
1335,127160.16,25369.568
1336,10419.504,606.5042
1337,15702.148,1069.5627
1338,37872.2,2942.6318
1339,110656.22,15470.034
1340,223727.1,46171.49
1341,41431.72,2119.4277
1342,283184.06,30812.41
1343,51006.598,4087.0923
1344,507783.9,31919.352
1345,74388.734,10044.379
1346,66814.92,9295.81
1347,142307.81,28349.795
1348,265036.7,14915.256
1349,50142.977,5319.658
1350,73969.21,7850.1665
1351,2681802.2,783104.7
1352,59449.08,5639.0405
1353,49055.277,3697.8784
1354,7828.3,407.7364
1355,34915.582,3312.493
1356,321952.66,46634.71
1357,12735.186,608.17395
1358,88081.03,4282.442
1359,16294.19,837.0344
1360,22872.92,1934.9255
1361,420784.9,94024.98
1362,25991.117,1892.0463
1363,59999.574,5763.59
1364,27538.541,1395.6777
1365,470622.06,78693.85
1366,49186.496,5411.6597
1367,29828.592,1501.2833
1368,50185.496,6399.895
1369,52241.332,3708.6147
1370,486236.66,110251.41
1371,28085.275,1526.9918
1372,2264873.2,636543.75
1373,18055.773,890.9027
1374,628691.5,125798.695
1375,239802.52,18983.22
1376,8164.6123,520.28735
1377,3170670.2,935717.3
1378,36177.637,2054.9585
1379,72997.98,3685.6392
1380,89439.234,17424.56
1381,1675691.4,31681.23
1382,58606.754,3590.564
1383,116875.06,22912.91
1384,123597.734,11020.36
1385,681320.0,118108.945
1386,3726.738,214.44846
1387,260134.16,53896.043
1388,132995.52,26762.37
1389,1485891.4,368896.9
1390,80181.766,4976.0435
1391,81570.9,10340.309
1392,48823.473,4199.9033
1393,118419.414,13698.784
1394,34011.984,3870.443
1395,61224.645,6229.359
1396,347868.97,76362.34
1397,43580.504,5026.6753
1398,46116.266,5418.7173
1399,317524.8,55514.9
1400,145875.83,15815.619
1401,437633.84,45866.76
1402,91851.17,16133.475
1403,325105.56,24953.8
1404,13092.9,827.2779
1405,66196.08,11881.481
1406,42297.586,2425.8643
1407,193431.27,30854.49
1408,3252.6711,189.53606
1409,117489.67,23445.86
1410,38016.848,2230.15
1411,54257.93,4490.3857
1412,214096.61,19089.775
1413,7858005.0,1866492.0
1414,84561.586,5087.1055
1415,47613.184,5419.306
1416,84986.96,5233.1406
1417,85884.945,7658.897
1418,46387.24,2785.7307
1419,21023.79,1390.7957
1420,36380.625,2874.513
1421,124424.21,17978.367
1422,1782159.2,98468.45
1423,157260.28,26664.436
1424,108837.12,5794.9487
1425,50015.848,4224.2266
1426,1966057.8,516144.06
1427,399179.44,30874.518
1428,106000.44,20522.268
1429,41377.484,4836.163
1430,19595.945,1393.017
1431,24365002.0,2190307.8
1432,33757.473,1716.9208
1433,115763.7,5773.9365
1434,42696.668,2174.0872
1435,35676.676,1821.8749
1436,91983.375,16821.6
1437,181102.34,19957.277
1438,100356.375,6588.964
1439,4823.6772,296.60645
1440,14972963.0,5377552.0
1441,92664.47,6909.305
1442,23023.137,2014.03
1443,26499.45,2270.1997
1444,432354.94,90510.88
1445,303568.97,26749.385
1446,82559.15,5595.068
1447,38686.566,2732.545
1448,100890.43,4879.314
1449,254065.03,44638.363
1450,67389.44,9741.696
1451,408738.84,25549.365
1452,327545.16,17524.752
1453,23747.922,2160.846
1454,20432.043,1011.3504
1455,49374.848,2624.2239
1456,427406.16,80466.984
1457,37679.5,4302.8257
1458,9932.697,617.0511
1459,44628.906,5259.176
1460,25922.264,1295.23
1461,74223.85,13369.167
1462,60205.0,7677.2427
1463,47457.914,5086.826
1464,204957.19,16306.558
1465,34735.336,1798.3501
1466,21915.441,1325.0803
1467,137439.06,6920.139
1468,220633.67,16413.309
1469,664135.3,141321.11
1470,27934.46,2461.0796
1471,62185.926,5410.0737
1472,121983.7,13384.56
1473,2896242.5,803836.25
1474,110342.96,18649.557
1475,84718.83,4061.6047
1476,324679.66,69866.086
1477,132847.67,6097.9272
1478,60219.414,6272.663
1479,8620.985,463.4285
1480,66997.17,6402.344
1481,932911.7,99019.75
1482,448377.94,66800.984
1483,26105.346,1430.9718
1484,24319.592,1217.6017
1485,162705.56,32302.586
1486,198237.97,28049.836
1487,40891.03,3597.999
1488,93962.75,12655.746
1489,239756.44,27080.625
1490,45842.492,2470.0034
1491,48650.688,4344.27
1492,15571.053,753.82776
1493,207867.31,35526.574
1494,75448.52,10434.696
1495,49840.703,2555.1077
1496,38226.25,1978.3224
1497,23611.633,1706.7817
1498,57674.324,3839.345
1499,121907.25,8524.573
1500,36553.516,1911.0117
1501,123660.04,6533.892
1502,118314.41,13433.291
1503,9862.377,453.78296
1504,3246557.5,265631.0
1505,36516.008,2930.2546
1506,53062.152,6853.674
1507,121363.56,10605.492
1508,52692.906,4704.614
1509,72124.65,8515.603
1510,135031.31,5661.815
1511,210124.36,26470.195
1512,137095.58,11464.013
1513,75303.86,3650.0156
1514,91744.53,6380.3447
1515,26026.328,1308.5851
1516,141773.52,23353.088
1517,103244.945,4798.164
1518,292520.62,20366.664
1519,1604058.6,302927.03
1520,37121.242,2091.0125
1521,63287.254,9500.1875
1522,16663.748,1148.463
1523,505270.16,27272.066
1524,53318.062,3399.3428
1525,354678.0,76186.73
1526,4108779.0,1271182.8
1527,116914.84,9166.504
1528,36421.992,2070.7925
1529,80806.164,13767.27
1530,52691.75,2805.3333
1531,102544.17,8218.648
1532,78525.72,5598.758
1533,34148.375,2176.135
1534,83827.88,4150.682
1535,31691.215,2232.1587
1536,86419.86,14957.041
1537,310594.47,27469.508
1538,57589.66,4470.745
1539,138159.53,25951.88
1540,40291.83,2252.794
1541,168335.72,33824.92
1542,373140.38,18000.826
1543,356577.22,36376.594
1544,142537.38,23462.908
1545,443138.72,34947.3
1546,87186.98,9423.54
1547,393828.7,86106.17
1548,2255483.0,397023.66
1549,29773.947,1534.2299
1550,79186.76,15264.931
1551,114136.125,8228.635
1552,22413.35,1418.6337
1553,3214415.5,948668.94
1554,74960.94,14261.33
1555,51245.84,5719.5034
1556,22859.236,1670.6038
1557,112566.89,19636.89
1558,198533.98,34817.773
1559,18831.12,1155.3318
1560,32613.307,1758.9377
1561,90070.52,9500.328
1562,54105.28,6519.66
1563,249740.0,39145.117
1564,43331.395,2259.657
1565,52761.277,3389.0608
1566,97638.086,4676.8413
1567,185511.2,38525.746
1568,25290.834,2440.823
1569,46232.16,4625.4297
1570,17464.303,1018.0165
1571,736621.25,72330.52
1572,13350.392,863.9453
1573,30396.252,1999.982
1574,13636.343,709.1409
1575,35959.273,3302.7493
1576,116359.055,19238.77
1577,284965.66,9979.04
1578,2268322.5,600482.75
1579,6945.018,352.33176
1580,666666.06,49774.914
1581,248439.02,24040.277
1582,79091.61,15176.076
1583,27841.162,1413.2662
1584,112853.625,10272.391
1585,44448.754,3589.9058
1586,29773.883,3199.3667
1587,10758.616,661.45294
1588,118716.23,7647.6626
1589,442073.47,94627.52
1590,207032.08,42251.496
1591,81563.65,12826.355
1592,266726.34,57175.727
1593,31406.758,2780.2063
1594,123835.305,16804.578
1595,66629.43,4325.5864
1596,23824.783,2097.0718
1597,1227174.4,286798.72
1598,17612.209,1239.996
1599,112227.27,10367.969
1600,195718.64,29140.635
1601,705337.2,130567.1
1602,48250.438,3157.8174
1603,33079.207,1691.4878
1604,1394444.0,190498.05
1605,45969.258,4557.8604
1606,644530.8,47758.945
1607,185433.62,12834.963
1608,92366.336,12549.946
1609,15929.279,1086.2103
1610,158713.36,16996.596
1611,343395.6,22892.943
1612,85555.82,13597.59
1613,134337.48,16282.584
1614,32311.312,2819.9634
1615,41450.965,5012.9077
1616,408615.88,29010.195
1617,31011.979,1884.5039
1618,104535.375,20268.576
1619,35851.574,2372.1824
1620,42239.39,3923.9937
1621,53866.82,3709.7712
1622,34756.355,3644.0913
1623,70072.51,5750.979
1624,454869.2,65494.387
1625,872939.7,143756.22
1626,582715.6,127155.83
1627,36749.21,4380.9585
1628,66360.76,7553.8125
1629,373640.94,68673.12
1630,8530.865,458.65955
1631,73295.77,13976.046
1632,123168.3,24379.318
1633,42676.094,3410.5696
1634,23465.947,1946.8602
1635,29886.32,2994.8271
1636,102341.83,17613.795
1637,58676.098,2922.9348
1638,313764.62,21307.463
1639,24651.336,1243.9785
1640,217477.47,13459.349
1641,19043.865,946.1381
1642,18387.838,1267.8054
1643,23233.396,1589.4556
1644,32635.264,3604.8992
1645,20348.559,1194.0461
1646,79962.86,14936.691
1647,1159360.5,102486.2
1648,189733.03,31214.346
1649,77771.67,3909.306
1650,81141.25,9677.168
1651,99275.35,6188.6333
1652,2222556.2,625126.0
1653,1301210.2,329252.8
1654,19803.305,1412.8721
1655,251177.11,52986.523
1656,391875.6,78447.555
1657,6663.0967,356.30582
1658,33424.766,2917.0693
1659,3204513.5,956492.2
1660,26473.975,1353.4874
1661,25345.43,2166.3406
1662,57388.934,4841.1514
1663,2428095.8,648768.06
1664,296349.78,41803.945
1665,40312.758,2092.0676
1666,108239.48,21426.898
1667,18536.441,955.35394
1668,21956.89,1902.0273
1669,60594.01,5908.4185
1670,36081.52,4181.239
1671,233978.48,48541.305
1672,178867.73,29030.842
1673,186047.47,23241.229
1674,207627.14,41673.062
1675,55186.97,8165.621
1676,31426.074,2343.7366
1677,367962.06,79690.54
1678,75261.04,14367.731
1679,641375.25,123895.555
1680,88215.37,16626.373
1681,131644.27,5024.1787
1682,94264.79,7101.9595
1683,74903.68,12943.877
1684,98756.99,19514.914
1685,21891.225,1841.0837
1686,23215.623,1794.5334
1687,33754.69,3748.3933
1688,131909.19,22135.65
1689,800216.1,56620.793
1690,22294.168,1109.108
1691,82743.01,15154.463
1692,154916.38,22019.686
1693,14375.638,736.2028
1694,30954.486,2237.9883
1695,73026.76,9796.254
1696,162020.48,30008.473
1697,2149329.8,239640.64
1698,58371.203,6497.0435
1699,21473.648,1752.1818
1700,153815.9,21751.424
1701,73828.03,7007.736
1702,222999.2,46678.97
1703,92775.125,5562.1304
1704,28993.637,3107.5256
1705,27055.541,1373.9575
1706,37931.914,4546.844
1707,622036.8,75716.65
1708,205594.58,41835.074
1709,15963.684,925.03546
1710,933117.56,43334.395
1711,37913.426,3793.7412
1712,596522.25,79587.27
1713,70594.23,3537.0696
1714,436392.53,57782.836
1715,16572.791,811.0722
1716,104930.26,10354.386
1717,64933.742,4906.9175
1718,54290.703,4266.8833
1719,855253.9,55948.62
1720,53083.01,4872.1514
1721,28467.293,2176.804
1722,156987.7,26549.89
1723,431889.97,37531.23
1724,47722.254,5938.5767
1725,85968.44,11943.123
1726,52911.88,3862.034
1727,11150.312,602.1475
1728,12268.174,756.6176
1729,21630.393,1529.4465
1730,67844.234,5976.938
1731,935256.2,150223.97
1732,49445.48,6164.159
1733,223275.31,21070.469
1734,544512.3,52856.312
1735,43658.902,2547.9456
1736,6876358.0,2271687.0
1737,93541.63,7006.0127
1738,87692.54,16605.832
1739,278638.53,8625.918
1740,81847.84,15492.25
1741,15029.804,782.6757
1742,39880.617,2158.8823
1743,94782.98,17687.496
1744,101712.71,8232.765
1745,6375.348,331.1313
1746,14110296.0,4272194.5
1747,2081818.2,578364.06
1748,83860.47,4147.186
1749,151211.22,18489.182
1750,4770.308,271.77133
1751,1479618.6,82560.69
1752,44872.168,4536.684
1753,392700.84,39239.484
1754,45181.4,5128.89
1755,952805.75,152132.45
1756,85770.164,13668.166
1757,11337.163,593.9721
1758,178286.0,36922.594
1759,88642.57,4486.6626
1760,77042.05,4191.906
1761,16865.076,1095.3428
1762,76591.58,13262.236
1763,582805.9,119986.55
1764,441436.62,67244.5
1765,17214.7,1013.89703
1766,90626.13,17424.848
1767,187982.31,15906.035
1768,724840.4,39994.848
1769,857992.7,193072.89
1770,76279.555,5635.8896
1771,30971.86,2245.2932
1772,99981.336,19349.223
1773,59492.176,2971.9846
1774,1996374.2,292002.38
1775,21536.29,1293.9791
1776,101023.01,9575.897
1777,61875.223,5875.865
1778,490001.03,78802.01
1779,393628.97,71044.44
1780,104903.3,19717.756
1781,339636.56,72790.69
1782,282247.25,41576.13
1783,118643.39,17747.12
1784,83308.37,15673.986
1785,92070.88,12680.24
1786,5493704.5,835776.3
1787,172228.67,19265.934
1788,3975130.8,769518.44
1789,317449.84,28179.299
1790,16314.473,805.9081
1791,82760.99,4119.406
1792,531789.75,71991.5
1793,143884.9,16106.165
1794,11070.033,646.9534
1795,894445.4,49404.945
1796,987205.7,140781.23
1797,35010.324,1768.1603
1798,52936.867,5863.8584
1799,11621.848,788.5957
1800,229824.75,28032.104
1801,1297200.4,219544.56
1802,236107.78,14451.79
1803,73571.76,12679.642
1804,83601.86,10154.154
1805,119725.984,8724.348
1806,39859.74,2219.462
1807,39816.17,2048.636
1808,328973.12,17236.203
1809,208245.16,31438.912
1810,150674.27,30525.516
1811,43512.133,4934.022
1812,99860.766,5755.7007
1813,456412.03,38340.707
1814,73434.56,12673.656
1815,38802.914,2264.172
1816,768728.9,38070.9
1817,343630.6,75108.734
1818,44250.082,2397.7737
1819,16460.248,1111.0917
1820,523212.38,109932.414
1821,104157.07,14445.762
1822,44218.66,5432.7944
1823,64312.55,7125.704
1824,13220.612,741.8006
1825,105533.26,5657.8257
1826,49589.83,4878.3926
1827,95996.41,10767.089
1828,223628.86,11806.759
1829,97699.64,13974.097
1830,54131.723,3113.1877
1831,27614.72,1459.0891
1832,18914.46,934.7531
1833,128961.984,25819.977
1834,107980.945,18141.38
1835,760471.6,26310.252
1836,81142.14,4548.557
1837,19212.342,1153.9822
1838,367582.9,53398.676
1839,24926.252,2386.6123
1840,21173.53,1408.2592
1841,355795.06,64837.426
1842,116455.17,8039.4614
1843,25874.805,1702.0939
1844,29956.033,3202.368
1845,1941323.2,50355.715
1846,270908.25,22313.686
1847,126393.33,18595.516
1848,28119.803,1442.8579
1849,42894.344,4521.179
1850,1340398.6,76292.62
1851,4661.28,265.9749
1852,173579.95,23994.895
1853,74313.8,6694.361
1854,191247.05,7543.295
1855,3748864.5,1120450.6
1856,48089.812,6477.9966
1857,21616.55,1833.1133
1858,55577.96,6814.5615
1859,38940.895,3061.342
1860,86962.59,9007.755
1861,33841.23,2210.9832
1862,257979.02,16238.486
1863,101707.8,11449.622
1864,210061.84,19451.809
1865,2458449.2,710070.06
1866,1854884.0,448974.0
1867,1031322.2,148182.48
1868,812657.1,120290.73
1869,1686102.1,388972.25
1870,96646.49,16506.635
1871,70717.96,13338.772
1872,68167.164,12442.339
1873,54278.008,4445.2046
1874,17907.623,870.5359
1875,13070.365,775.5747
1876,64067.64,6833.5776
1877,172167.6,32177.666
1878,33179.566,1698.2
1879,941009.9,112044.32
1880,97198.48,12961.554
1881,71395.23,13374.923
1882,1555649.2,362689.12
1883,75696.12,8149.624
1884,265385.25,21528.725
1885,44601.72,2498.2173
1886,5402057.5,1108937.5
1887,17857.281,1204.6843
1888,61814.316,9644.874
1889,14898.283,965.47327
1890,90182.94,13129.797
1891,23804.021,2203.0398
1892,38459.52,3691.8582
1893,20450.312,1238.7863
1894,68150.1,4275.8076
1895,83063.5,6926.1367
1896,24445.764,1661.4458
1897,4909046.0,805474.2
1898,6772.426,423.56238
1899,610219.0,136005.77
1900,271024.56,17282.84
1901,185314.55,33763.848
1902,39995.594,3417.6843
1903,1161081.5,276377.44
1904,71003.11,4188.3193
1905,26829.625,1782.0546
1906,283333.03,11968.747
1907,434901.12,97882.6
1908,73185.6,11400.411
1909,647047.94,120925.82
1910,62684.91,8658.83
1911,57721.14,8336.588
1912,159220.75,32468.178
1913,53959.043,7801.0967
1914,74006.82,5801.0347
1915,108151.805,16323.1455
1916,38283.12,3096.8135
1917,976884.8,170487.78
1918,109315.08,11018.268
1919,32820610.0,6341503.0
1920,66357.555,6796.699
1921,36027.84,2821.2595
1922,8361.283,487.9515
1923,119962.18,14986.203
1924,21904.256,1087.4855
1925,30408.37,2612.7742
1926,83802.57,4164.7925
1927,61422.797,3207.9934
1928,58416.53,9233.014
1929,12140.675,613.74664
1930,242091.64,49449.01
1931,111015.336,13320.654
1932,47652.83,2995.6904
1933,11826.843,646.66864
1934,161745.34,33019.48
1935,493853.66,108209.89
1936,84572.08,7784.04
1937,200317.2,32007.896
1938,233788.19,48887.844
1939,23704.965,1569.0215
1940,149914.69,30173.203
1941,57091.29,2983.8105
1942,14614660.0,5297995.0
1943,123829.59,5369.9673
1944,80260.69,8430.04
1945,106028.49,20567.021
1946,193517.94,34742.543
1947,39159.562,2192.538
1948,3790.1067,224.40399
1949,81205.86,7858.307
1950,20461.676,1104.9675
1951,16585.223,807.16736
1952,53138.176,8012.505
1953,22683.373,1803.3248
1954,76149.6,7766.881
1955,172311.52,34774.066
1956,283957.12,61057.29
1957,145088.03,25304.945
1958,125485.82,20046.549
1959,58806.25,7658.0815
1960,86037.47,11914.637
1961,17181.56,850.58093
1962,269414.75,41471.402
1963,37730.418,3693.5732
1964,113302.195,20499.477
1965,92949.27,6329.504
1966,11202.144,651.85864
1967,27932.467,2741.4807
1968,2467860.8,474396.28
1969,88188.055,16691.781
1970,90890.6,6102.8403
1971,209591.17,35431.523
1972,58435.453,6512.363
1973,3245192.8,972125.6
1974,39656.883,2146.884
1975,85091.81,15632.55
1976,779988.0,123386.62
1977,8591.518,535.9353
1978,33340.72,1951.5482
1979,14181.446,697.6536
1980,24543.848,2322.7366
1981,48018.848,5806.426
1982,37866.875,2061.357
1983,121264.734,15625.634
1984,26585.975,1344.0475
1985,134849.53,11433.254
1986,151117.95,14494.601
1987,21647.404,1438.6263
1988,69116.234,10081.48
1989,72499.72,9254.881
1990,25949.658,2249.5583
1991,49447.76,6808.556
1992,84719.85,14031.12
1993,37098.26,2949.7566
1994,11097.195,638.8297
1995,411878.8,49799.24
1996,58474.156,5564.748
1997,69603.47,7854.6367
1998,6098.935,376.84814
1999,103665.914,12113.712
