,GDP,IBGE_RES_POP
0,505969.62,59882.1
1,41609.418,3647.8542
2,134749.48,15817.025
3,46226.98,9542.275
4,26281.033,3647.0012
5,47144.54,6362.583
6,1932342.8,49257.566
7,604122.56,30578.818
8,76114.07,7900.4863
9,142365.17,19044.139
10,52241.1,5152.6133
11,1586776.5,50547.6
12,88752.125,5995.733
13,72139.62,7315.383
14,431322.72,55009.96
15,54545.113,16537.799
16,70238.734,10807.536
17,92505.27,15121.653
18,81010.836,5705.814
19,270684.97,20929.936
20,76005.51,8820.084
21,33615.74,3311.9893
22,86398.516,59669.39
23,75531.41,15417.52
24,178764.27,32692.754
25,139993.12,8195.485
26,141170.84,9709.352
27,95351.43,14053.938
28,35647.348,9196.303
29,189030.22,39284.445
30,552298.25,74677.69
31,224339.33,11326.438
32,44821.992,4237.652
33,76643.82,8048.7173
34,39343.324,7825.9966
35,37687.113,5846.969
36,134013.97,8460.361
37,36342.777,3764.125
38,29770.613,7729.7124
39,111868.54,10220.741
40,40369.586,14332.989
41,499092.62,44378.14
42,28696.41,11626.43
43,1142511.0,38915.508
44,22354.514,4825.0303
45,55590.9,12882.697
46,29366.527,4814.5576
47,229993.38,30946.807
48,180485.98,8598.826
49,1956453.8,34764.598
50,28795.387,18920.982
51,581018.2,45163.098
52,2115912.2,52651.04
53,30886.758,7749.095
54,74124.58,11577.285
55,26648.545,12627.39
56,39865.383,12451.618
57,92103.336,6140.6616
58,36236.195,25826.781
59,271110.88,13524.691
60,28617.152,3141.7278
61,258545.86,11141.903
62,63812.098,4709.658
63,50694.887,5833.5806
64,2022196.4,35822.414
65,39554.777,3936.0044
66,643357.9,24026.16
67,816760.25,46338.473
68,227046.53,35095.727
69,72187.71,14974.64
70,66830.84,4849.6104
71,38319.453,17664.906
72,2195804.8,28383.371
73,87612.76,5825.6753
74,37109.957,3448.3076
75,626259.56,40961.938
76,64367.863,25709.566
77,57596.55,4373.526
78,4855223.0,78049.26
79,299613.94,13317.7
80,55483.273,6334.9966
81,1133584.4,28153.662
82,228492.5,13721.756
83,42848.31,4481.2744
84,73779.66,9681.371
85,112688.945,53584.5
86,42146.32,5948.548
87,111503.48,9960.24
88,58753.652,19011.775
89,114775.516,10665.15
90,76109.055,30901.988
91,95544.78,10596.82
92,103522.82,111415.37
93,260183.28,16216.803
94,32260.3,4304.2905
95,53209.402,19235.22
96,77170.305,43931.258
97,29424.428,5058.452
98,51553.637,4088.6475
99,26953.13,13355.685
100,37553.242,3821.813
101,576756.56,21616.766
102,1317294.2,17640.582
103,27156.49,4221.111
104,207863.67,14923.054
105,36330.97,5574.8994
106,113115.99,73732.766
107,898919.0,26665.314
108,36323.59,4396.573
109,77325.43,6106.2554
110,73591.31,19365.736
111,256900.11,11406.283
112,388139.9,38895.645
113,255775.72,22820.643
114,91646.77,6204.3423
115,80278.84,12772.392
116,177961.34,9768.832
117,126833.17,19519.178
118,68460.14,16461.207
119,444830.75,21196.535
120,57829.867,4638.3545
121,113500.29,9006.593
122,96094.055,6384.6826
123,29349.09,7585.99
124,436706.5,10423.108
125,43250.59,7282.39
126,27173.283,13082.698
127,1084031.2,25383.473
128,205970.08,26079.906
129,33158.99,4338.505
130,1137421.9,38075.83
131,31350.842,8071.111
132,55591.203,10814.872
133,34145.0,3553.859
134,657810.0,13674.516
135,50215.535,5046.237
136,240323.61,15170.462
137,24234.51,19274.459
138,72638.59,6625.872
139,28555.635,7270.1426
140,195663.42,16966.354
141,73753.66,5215.004
142,830985.3,21009.066
143,36186.656,9755.718
144,1147035.9,31267.89
145,8555770.0,230442.55
146,48153.957,3989.6736
147,733046.25,42561.027
148,31237.695,4043.6772
149,33968.06,5404.534
150,52786.6,6109.682
151,54390.88,5850.3535
152,49566.53,17151.875
153,131829.69,8352.91
154,41380.617,29321.55
155,52262.67,6510.872
156,267086.8,16576.557
157,129540.56,10715.599
158,541402.8,23510.227
159,290272.72,14426.583
160,68828.54,43536.504
161,7080910.0,79901.77
162,4221505.0,115962.664
163,153112.92,8984.346
164,28998.826,4433.3677
165,97443.81,18702.625
166,832918.1,14034.155
167,81854.32,6894.7515
168,301860.25,41553.855
169,488028.4,13964.756
170,87994.71,17731.771
171,54042.406,4529.843
172,325390.2,71150.68
173,76411.49,5312.479
174,353467.8,8960.727
175,85028.49,34725.8
176,77372.23,62836.58
177,41768.707,8941.65
178,37357.613,3974.0745
179,195763.34,24109.586
180,152040.45,9034.974
181,41834.844,4023.1533
182,97643.664,6385.8394
183,272136.5,15720.469
184,79549.7,9412.057
185,78095.98,5584.4873
186,369650.22,12704.391
187,91096.31,23928.701
188,31261.162,8562.197
189,138263.94,14551.318
190,113675.516,10804.273
191,200744.56,10103.931
192,121989.195,20602.459
193,37223.36,10831.817
194,1120648.6,28227.855
195,65499.92,8318.425
196,61851.79,16897.197
197,387579.06,32459.98
198,323953.22,9178.101
199,162409.83,17573.385
200,28973.047,3933.026
201,62686.082,12560.437
202,116613.57,7384.9067
203,120729.484,18935.635
204,84655.695,6397.4956
205,199377.84,13154.63
206,197928.27,35208.348
207,42260.777,4120.548
208,203688.33,36750.38
209,311947.5,15905.912
210,70880.195,12146.048
211,26933.488,12644.427
212,132392.34,8249.957
213,65353.88,5395.5933
214,612280.75,25101.17
215,62046.117,11740.225
216,83361.07,9513.365
217,28500.037,4206.863
218,1907215.6,80331.74
219,64572.434,35756.637
220,37872.613,22325.35
221,66802.375,5131.205
222,38683.637,3899.6282
223,461819.84,40769.137
224,1814385.0,32900.96
225,20738.244,7379.2456
226,259781.38,55683.875
227,527003.1,36341.1
228,75100.24,9072.888
229,29892.129,11529.222
230,299957.9,65026.062
231,58070.758,24857.734
232,31126.186,4033.133
233,109636.62,6988.726
234,25107.123,4047.4749
235,197042.52,9900.833
236,126328.81,10881.382
237,848179.5,41618.465
238,231166.55,10565.383
239,327638.7,64281.56
240,96887.46,6426.674
241,1374535.4,42487.727
242,49285.207,4571.6006
243,65702.03,12912.946
244,73152.51,14040.567
245,64070.945,10724.661
246,52922.277,4289.7075
247,83086.4,18631.812
248,35985.066,3361.249
249,26081.023,3848.4907
250,31645.77,6991.4814
251,224184.2,21246.164
252,111910.06,7009.744
253,46673.13,4225.2793
254,16967.658,4105.609
255,102526.5,16401.113
256,873215.8,14258.089
257,41060.914,3765.0405
258,117311.27,7411.497
259,103543.4,6408.811
260,227991.55,11851.931
261,56401.52,4642.3467
262,464845.2,34206.727
263,72215.86,5096.805
264,104651.586,7822.9727
265,31371.156,7944.671
266,44254.164,14552.501
267,105744.234,8851.783
268,190325.98,9606.885
269,79759.516,20600.922
270,177433.39,39710.434
271,41826.668,3990.598
272,42366.098,4122.1475
273,32144.719,9332.011
274,614767.06,14050.838
275,97479.984,18947.945
276,51141.348,22922.648
277,218009.64,10261.389
278,84292.305,13007.76
279,33594.117,9485.814
280,43501.19,6126.9062
281,963591.4,19238.896
282,37031.402,30389.145
283,70324.01,5095.8037
284,164954.73,53520.824
285,39168.46,3949.5457
286,29617.121,4056.13
287,81075.79,12299.68
288,32300.316,7375.6406
289,29003.984,7231.992
290,43728.51,4088.129
291,159332.84,8538.371
292,57963.934,6013.3916
293,59505.957,6340.546
294,16931.107,3054.3083
295,447272.6,16297.555
296,34225.133,4008.5059
297,57445.23,4700.6562
298,28999.844,12091.374
299,91847.14,10432.887
300,74340.73,6945.0713
301,99409.62,15601.839
302,139352.72,23200.514
303,4730595.0,154867.9
304,105682.484,6474.53
305,131200.4,10952.58
306,256068.52,27859.725
307,692001.4,20322.213
308,190979.52,8967.71
309,707770.75,17600.727
310,117016.81,24883.87
311,1081154.8,53287.863
312,249590.33,30982.846
313,50946.094,4475.3984
314,263497.4,18281.348
315,133944.53,35204.676
316,499758.3,14715.989
317,278336.75,13314.016
318,2400108.8,39936.836
319,58405.113,4523.0884
320,704424.7,17305.266
321,38665.547,6171.4355
322,73357.12,10044.621
323,32301.451,7749.116
324,32138.72,8785.256
325,747350.25,23314.838
326,187973.86,9716.454
327,108104.79,22837.46
328,224662.97,8084.3877
329,201606.22,22999.893
330,70713.15,26759.197
331,117509.8,7373.159
332,1213609.0,52969.367
333,255109.62,12226.112
334,1252829.0,176812.44
335,1146857.0,17673.48
336,275812.06,40134.867
337,64916.918,5309.7207
338,335410.8,11183.133
339,703163.6,14800.752
340,1847585.0,25981.531
341,40182.574,3944.655
342,1569480.6,15011.795
343,94540.29,6299.885
344,31418.727,4013.1562
345,138412.33,24831.057
346,26964.408,10224.905
347,28540.088,12992.844
348,49835.34,5349.8174
349,82370.28,7452.26
350,47093.22,4210.8877
351,113609.13,9641.607
352,1803629.8,31915.568
353,74815.32,5195.076
354,81079.8,18532.98
355,68380.51,6983.0693
356,937939.1,14000.158
357,236610.45,14253.973
358,33360.492,3907.523
359,5052463.0,125090.75
360,40271.176,4934.672
361,75807.07,21186.018
362,46235.457,12706.497
363,81226.91,10473.171
364,31676.43,5960.2407
365,29164.768,2886.287
366,239170.66,15746.19
367,75659.98,31305.781
368,2611793.2,38432.758
369,113323.72,83921.164
370,36799.926,9951.702
371,112927.25,21282.492
372,1244889.9,44391.594
373,130884.59,53021.27
374,46861.527,4275.1035
375,33688.824,6623.846
376,32444.23,16110.145
377,39910.625,7617.4014
378,47398.547,3774.9272
379,150788.45,8923.134
380,375016.97,41494.68
381,47320.395,6598.263
382,200364.94,10069.71
383,83349.73,17635.43
384,34812.0,14440.3545
385,480423.7,19266.04
386,36262.863,4743.3457
387,28728.281,4063.8684
388,48708.516,26069.799
389,40573.19,4293.362
390,49395.453,17973.611
391,2043774.2,43721.938
392,55718.797,15725.319
393,30944.564,9188.945
394,117624.42,17794.963
395,36037.098,3847.559
396,79504.125,71594.3
397,146932.4,42607.832
398,46423.363,4751.2163
399,117757.39,7525.9927
400,3760997.8,55879.8
401,383524.12,24502.625
402,73444.4,5943.8145
403,513477.84,13518.976
404,27746.47,4090.6343
405,28265.785,4068.1118
406,68607.695,5368.1074
407,76225.72,7550.5454
408,41624.543,3993.4294
409,84504.234,5849.769
410,40063.5,5709.875
411,56179.76,7284.721
412,1412184.2,19537.06
413,64809.95,24443.402
414,86326.64,76259.2
415,70130.93,7818.7607
416,94962.14,9125.783
417,66747.98,25680.816
418,54051.96,9624.938
419,341283.56,16370.492
420,34308.055,10831.723
421,203392.67,29151.898
422,98528.58,19202.113
423,301348.97,13133.603
424,25399.057,7488.526
425,89451.61,21220.729
426,203523.58,7147.5386
427,28514.842,17193.79
428,30638.504,6852.8237
429,303407.03,18369.656
430,266509.72,14635.069
431,133181.1,45085.71
432,51780.89,4453.678
433,167589.75,9299.995
434,35606.434,8039.1216
435,387486.72,25835.885
436,90073.49,6083.232
437,788140.4,21754.146
438,197391.58,11750.296
439,79069.21,7465.7114
440,109727.54,6817.192
441,802546.94,16530.156
442,41552.258,3968.7134
443,10812.414,4483.7817
444,228780.67,11351.699
445,93393.96,9163.953
446,880800.6,34123.562
447,42317.516,10810.823
448,65574.18,12342.727
449,39103.88,4925.386
450,356538.47,45713.22
451,72856.25,14826.239
452,27897.803,8538.235
453,23750.06,7057.8726
454,394992.28,14103.559
455,1976344.6,43221.73
456,3628476.8,51916.89
457,114447.586,14636.853
458,141646.4,36604.805
459,107893.72,8544.758
460,39582.367,3242.655
461,158760.25,8983.324
462,99128.42,22628.723
463,147887.81,38596.62
464,260717.17,47826.902
465,53932.45,5316.7705
466,584187.1,54257.93
467,21176.97,5722.7036
468,58653.555,4705.089
469,829277.25,37691.414
470,80353.09,5716.217
471,50736.816,14110.776
472,43695.254,10334.714
473,42933.547,8105.986
474,179115.16,20861.383
475,42269.777,6986.037
476,62559.773,4205.327
477,112410.78,63585.008
478,394000.8,19472.514
479,59969.543,8126.2275
480,28330.598,8205.9795
481,685896.25,14717.185
482,40085.453,6281.8193
483,43561.605,5091.9585
484,735237.94,76755.66
485,178188.14,10314.49
486,133044.73,61354.79
487,30940.691,8079.7646
488,46270.703,3920.443
489,146351.5,8433.804
490,29193.057,12376.599
491,39187.777,3961.2517
492,88190.96,6016.793
493,154314.4,10027.024
494,309026.66,14794.92
495,65227.785,27119.037
496,263782.25,31011.127
497,3317304.5,50109.62
498,62204.297,5864.129
499,51580.246,27417.078
500,224126.38,9903.66
501,308874.7,18154.432
502,260000.23,11021.026
503,430455.06,21062.605
504,1296024.5,21090.072
505,307927.94,44310.902
506,29586.21,12103.674
507,87716.71,20982.648
508,27256.021,24124.998
509,1226562.9,41526.992
510,15059206.0,191449.16
511,78477.53,9748.736
512,61074.855,14023.204
513,61445.734,7472.079
514,81563.83,45705.14
515,24421.057,6646.1675
516,35204.906,18940.396
517,35234.605,6153.4683
518,37780.29,3628.7893
519,21769.654,4177.992
520,26735.174,13924.046
521,124352.375,25875.885
522,176808.75,9673.169
523,62653.395,14133.508
524,42107.05,4048.3484
525,27377.463,3994.982
526,514804.97,10891.972
527,56850.72,6705.94
528,105756.77,7379.4316
529,2524827.5,79973.66
530,82906.15,48660.516
531,78537.62,5630.4966
532,38932.473,15683.265
533,30600.582,9508.781
534,463266.2,38111.34
535,50514.42,16021.488
536,270980.84,18741.867
537,27456.03,4233.0806
538,102940.35,25769.932
539,301979.94,11148.499
540,84683.95,16486.24
541,280584.3,16287.286
542,33394.723,8215.166
543,59385.34,4495.4175
544,1486975.0,46027.387
545,376266.66,8563.096
546,69223.016,7368.688
547,56387.277,14760.603
548,99212.26,16714.045
549,143581.75,8315.041
550,31370.674,10260.556
551,30657.281,8503.026
552,1252357.2,44388.133
553,50726.066,6603.275
554,39486.48,19062.777
555,139240.61,32504.31
556,44898.586,7260.0522
557,688667.1,17202.854
558,201510.17,31135.074
559,774868.25,62296.02
560,514436.6,12290.433
561,174967.78,12669.705
562,25327.377,6092.376
563,1444492.1,136909.95
564,462263.72,19057.818
565,2052012.8,73060.195
566,38028.285,7665.2236
567,156343.52,9122.092
568,124534.914,5103.78
569,278970.06,12203.755
570,49350.51,10614.858
571,82040.3,15033.699
572,60411.86,5148.731
573,143488.45,28562.596
574,42079.92,6794.0093
575,55236.254,5077.3486
576,434117.78,11781.882
577,4012799.2,36439.39
578,319245.75,33893.027
579,54653.438,7398.33
580,40190.957,4285.948
581,32463.973,3623.0764
582,99039.86,21728.223
583,39209.64,3950.324
584,883921.1,15675.036
585,68719.125,5333.3374
586,71481.98,22480.19
587,176811.86,9689.177
588,370487.66,12980.452
589,118266.61,11549.798
590,142543.17,10584.181
591,42890.906,4070.0017
592,225870.95,13875.5
593,626012.06,33486.51
594,240677.7,10279.273
595,101714.836,6794.8486
596,97158.78,11131.131
597,27012.146,4540.526
598,31585.336,7832.156
599,94837.94,31446.646
600,40387.543,4747.704
601,39820.37,7789.8325
602,66334.02,15986.222
603,15128.545,3067.7148
604,87053.25,5848.2183
605,228191.89,21187.6
606,46779.324,8197.394
607,17515.23,5113.0796
608,216931.58,57639.38
609,125829.22,7919.806
610,48068.168,4280.007
611,299346.28,13818.896
612,346372.7,36337.312
613,1514905.6,40152.01
614,697561.7,22358.27
615,65935.96,17040.506
616,69845.61,16579.762
617,39679.707,3952.413
618,55663.64,11658.208
619,96931.72,8901.044
620,90887.11,8496.741
621,1544688.4,34506.918
622,253569.53,17657.887
623,22364.824,4440.488
624,117224.37,29056.672
625,39053.72,12500.96
626,38321.473,3882.776
627,106578.34,6693.453
628,74070.8,16258.753
629,43416.45,6151.8467
630,82271.125,8621.619
631,119986.15,24319.672
632,277044.9,36657.85
633,35942.855,5522.422
634,109755.85,21171.205
635,416469.88,48324.926
636,869243.1,80575.375
637,34926.97,5778.382
638,218792.58,45676.195
639,81114.88,14732.253
640,317576.75,12671.139
641,35314.74,4331.9766
642,42265.695,6466.2285
643,60766.766,11506.561
644,1122787.9,27871.688
645,78590.836,6292.153
646,1949626.1,58288.33
647,53576.383,4219.0977
648,85654.32,25403.88
649,325448.4,11430.593
650,44185.074,5806.3076
651,29225.736,5664.3706
652,285677.4,49059.37
653,45775.2,12891.031
654,584959.9,30790.63
655,341547.1,15594.852
656,265501.22,28473.451
657,872694.4,33656.953
658,68985.984,9909.686
659,20001.83,3136.0842
660,128947.26,17702.438
661,144005.5,8198.969
662,46757.965,3433.187
663,264495.97,15174.36
664,83989.84,9964.254
665,1149423.6,41434.04
666,56359.426,6584.3755
667,302104.28,45284.203
668,85477.98,21831.098
669,231781.33,18907.836
670,258352.33,13299.888
671,402570.72,72825.86
672,452243.3,13303.407
673,298005.03,10581.74
674,80271.0,62851.48
675,552480.2,13018.433
676,79035.79,17135.668
677,67855.7,17977.006
678,48456.426,5818.5703
679,168587.64,82693.414
680,39492.9,7057.4697
681,58096.715,18950.672
682,41258.13,4038.5857
683,107895.14,6823.2764
684,131958.86,8374.025
685,191164.97,46305.16
686,70093.59,7030.636
687,54377.207,4620.676
688,41463.984,9152.38
689,225824.33,10558.669
690,958705.4,15612.601
691,47528.934,8630.882
692,97223.34,8299.768
693,33070.6,4512.1714
694,31164.418,9180.681
695,1608303.4,27035.764
696,1451634.0,24015.242
697,46115.152,4199.7695
698,645196.4,16631.96
699,85380.62,23389.938
700,383257.66,20358.795
701,30192.756,34388.195
702,377836.9,18354.092
703,72293.6,7858.0913
704,50746.176,4362.852
705,594606.3,22268.799
706,60174.867,4819.876
707,53607.51,3838.9192
708,414743.62,28352.504
709,29379.814,12197.098
710,34436.14,5414.126
711,47293.75,8813.622
712,25551.3,16211.07
713,32540.018,14488.156
714,20349.318,4149.049
715,62845.34,39478.81
716,49604.97,6341.5903
717,158064.36,8148.4746
718,35648.64,7378.7754
719,34784.91,3875.0205
720,37806.805,4027.3694
721,27454.13,7817.774
722,887204.6,60216.504
723,19898.268,3978.0144
724,25724.559,4134.279
725,154349.98,68491.49
726,84143.43,5862.4194
727,40003.543,13352.708
728,21507.06,3011.1843
729,9101313.0,156975.81
730,330835.66,83745.086
731,58402.934,4748.2695
732,287678.3,21365.678
733,19370.926,3571.6985
734,50698.617,4413.9883
735,47301.54,4292.909
736,52663.41,3898.5493
737,26670.41,12006.614
738,30223.37,4079.5176
739,82359.06,19653.066
740,45378.67,10848.826
741,785754.8,191194.14
742,38435.246,13781.35
743,58489.695,4579.435
744,70983.77,16307.668
745,418400.8,22975.46
746,50909.242,6166.2305
747,78902.7,13077.14
748,264499.16,28893.629
749,683578.4,35024.28
750,136826.86,42904.28
751,255355.11,14844.075
752,1445185.4,22462.82
753,555242.25,15448.02
754,1065334.1,20574.43
755,2035745.4,75771.625
756,34388.082,5485.5493
757,3109899.5,96778.586
758,23218.861,4479.801
759,34194.82,3448.336
760,77537.55,5663.5405
761,53789.574,4521.919
762,70973.57,15563.36
763,21472.494,11325.294
764,155009.61,23956.96
765,69780.836,12475.361
766,125117.26,8997.657
767,33504.09,8753.348
768,35937.684,3918.9412
769,308295.0,15017.334
770,36900.344,7510.2183
771,32143.201,4025.0156
772,57952.86,6441.937
773,109010.52,18152.479
774,915638.0,101613.15
775,42460.63,7231.0195
776,82716.3,19520.014
777,24539.51,5283.302
778,59001.758,21940.53
779,67245.9,13674.7705
780,203873.6,11878.051
781,577868.3,39451.293
782,184577.03,33556.516
783,527488.8,27494.764
784,1259272.1,29644.514
785,306065.3,12631.176
786,210252.2,37671.02
787,27764.145,9315.37
788,456964.1,19830.459
789,2287440.0,182898.0
790,35589.39,22955.691
791,1894780.0,24295.465
792,1735982.5,68215.836
793,971170.8,78216.2
794,59208.383,4775.1997
795,35424.133,4129.0894
796,29482.541,15845.271
797,447633.7,15903.834
798,21561.18,4828.7744
799,231579.1,11454.338
800,3224500.2,22682.576
801,234812.31,10703.17
802,528127.44,10926.601
803,74039.9,7491.729
804,20849.293,5658.021
805,41963.15,4038.1135
806,84181.04,5615.6543
807,49432.67,30988.152
808,26080.049,4662.741
809,272957.03,10387.612
810,155206.48,9480.233
811,29200.334,6261.403
812,53924.574,15252.131
813,493791.84,21633.242
814,58606.754,6612.4854
815,43373.426,4920.8374
816,247333.2,14835.765
817,630114.4,51857.355
818,72855.29,5168.609
819,92223.25,7351.6045
820,44517.766,4222.346
821,980573.94,23676.742
822,50370.37,4343.2803
823,232231.44,9114.248
824,556639.5,10975.838
825,34007.24,3873.064
826,1195329.0,40235.242
827,66770.84,23765.164
828,49591.19,8730.322
829,66439.13,8457.872
830,31513.666,6602.4844
831,37092.074,3773.4438
832,186245.72,42802.277
833,92288.48,29733.178
834,163849.14,6237.719
835,332294.75,13167.982
836,50800.25,11364.132
837,24348.447,9120.039
838,1580556.8,19372.883
839,42901.03,4080.0417
840,321145.94,18934.387
841,22976.143,7190.5786
842,31696.992,3371.939
843,3430218.0,21426.547
844,617746.25,18403.977
845,151494.56,31574.76
846,159273.55,11370.946
847,446090.66,18901.797
848,39678.66,15636.909
849,29971.824,6249.4966
850,230126.48,18762.312
851,29641.227,7708.2954
852,95636.93,9710.535
853,53540.57,6245.5044
854,30042.363,10411.545
855,90728.88,35971.438
856,232090.98,18379.117
857,3388778.0,89879.27
858,395479.62,27847.37
859,151392.62,20263.592
860,8770.751,4096.0005
861,46150.05,4687.882
862,31368.643,3340.332
863,27353.064,9214.253
864,524199.66,13555.048
865,107248.38,28022.871
866,297848.7,42193.04
867,28026.594,6542.7686
868,67324.73,15732.866
869,33715.023,6760.9956
870,52215.355,65195.992
871,39890.035,4384.955
872,635606.5,39816.914
873,408876.2,22314.494
874,123371.04,7629.597
875,62726.496,4553.1714
876,88506.805,6043.999
877,28253.684,4005.114
878,2603427.2,116101.78
879,25151.076,8370.79
880,29537.654,5363.1797
881,70203.42,5796.858
882,53784.38,14022.419
883,28944.877,4088.2478
884,56746.074,12173.097
885,61100.61,21971.096
886,4595321.0,80333.07
887,48355.18,4203.571
888,146825.97,12639.943
889,64149.71,5048.9136
890,1949542.6,23879.543
891,1816811.1,21816.385
892,58856.7,16608.584
893,29182.674,4005.721
894,176744.7,11210.966
895,1171615.8,75206.77
896,456436.56,26500.002
897,190152.42,12761.22
898,33386.95,3676.0308
899,425451.44,51423.668
900,70637.65,22512.473
901,155935.5,9903.138
902,68730.29,13464.536
903,203684.75,52269.387
904,12642.191,4953.2583
905,135839.06,8318.584
906,95540.9,14681.855
907,1574612.1,21524.398
908,64977.105,5425.695
909,159112.92,28205.734
910,210726.2,11978.818
911,73300.92,5093.3594
912,1386765.6,42678.81
913,99771.23,28075.533
914,1956378.5,16043.069
915,64145.695,7731.5073
916,88360.77,6000.0005
917,1509633.9,45813.812
918,583666.5,49199.945
919,74559.96,6395.775
920,288436.75,13064.684
921,40303.2,8192.413
922,245653.61,10593.098
923,56171.56,35424.562
924,86217.7,5910.086
925,34612.215,5201.18
926,25101.748,5480.3394
927,322858.5,12853.86
928,125604.09,18501.71
929,32475.594,6252.4614
930,94803.484,9444.951
931,34105.32,3833.069
932,609725.44,13165.843
933,440009.62,27434.846
934,297370.97,26797.213
935,340026.84,25766.31
936,2843808.5,79344.805
937,155519.84,26908.363
938,38257.445,4958.444
939,67196.08,6730.211
940,270499.88,20440.39
941,39083.53,4964.8096
942,80333.95,5611.0044
943,454196.94,34538.566
944,192408.4,35624.184
945,341725.66,18948.217
946,35421.45,4578.7563
947,80103.805,5478.363
948,37664.98,3971.573
949,103420.69,21533.453
950,25702.68,9767.186
951,1675794.5,372765.7
952,28388.42,11197.114
953,5796508.0,34422.418
954,62882.684,6090.7373
955,225934.45,8596.358
956,579754.56,9873.038
957,516846.12,26950.438
958,86461.91,16940.443
959,26751.559,10821.227
960,122753.69,7895.617
961,462440.88,33743.688
962,11748.735,4093.849
963,67382.41,5148.9824
964,44050.75,3835.8118
965,29668.447,4203.465
966,54581.418,4560.476
967,87037.29,31620.416
968,56014.695,18101.229
969,31269.264,10719.87
970,582090.9,23741.586
971,1523358.8,37679.004
972,57107.277,16249.99
973,25301.443,6355.873
974,57164.867,25502.393
975,67341.95,5169.46
976,53529.992,4524.1562
977,34889.332,10122.441
978,133284.81,14483.846
979,128894.32,28093.326
980,319339.34,19256.732
981,66232.72,5672.483
982,83249.3,58197.715
983,234992.6,20156.727
984,804184.94,41630.668
985,58669.656,6526.865
986,33830.23,3371.3171
987,192216.05,15906.297
988,46855.35,7186.376
989,38394.293,4452.869
990,68584.875,6911.2476
991,467663.84,13811.222
992,721427.9,28141.053
993,176223.27,27464.652
994,43500.383,10993.387
995,262659.2,19608.645
996,26717.656,14967.079
997,38644.918,3841.9487
998,399137.34,11832.648
999,1078152.1,61996.676
1000,288161.34,23173.068
1001,62192.004,4727.2046
1002,79593.65,5596.7266
1003,812713.3,52999.035
1004,26498.285,9034.239
1005,26939.877,7873.4297
1006,64144.992,5361.204
1007,53529.46,8185.4272
1008,36865.844,4172.097
1009,61849.004,16798.29
1010,495167.06,14641.933
1011,47436.97,5258.694
1012,71758.77,10413.226
1013,176729.95,20076.857
1014,141246.34,9883.743
1015,38640.465,7411.1797
1016,343091.1,29795.367
1017,47295.617,16400.068
1018,120604.15,7412.364
1019,34040.676,4597.7383
1020,43762.04,4155.427
1021,630232.7,24968.133
1022,1322026.4,22089.74
1023,37315.062,8608.367
1024,89613.32,23570.086
1025,44240.51,5921.697
1026,78711.48,5523.768
1027,35957.34,7544.169
1028,275111.0,19450.611
1029,37573.99,4044.0457
1030,52374.344,9361.505
1031,43346.05,7646.575
1032,41746.242,3911.659
1033,221171.14,10274.388
1034,54668.742,13044.416
1035,50748.125,6850.45
1036,155246.53,10134.04
1037,80409.484,5712.123
1038,42960.754,19688.768
1039,54777.555,4776.4663
1040,292841.0,11704.174
1041,76760.12,7122.016
1042,16582.4,4958.8657
1043,36917.285,8265.452
1044,695938.4,17294.666
1045,504429.8,15041.839
1046,747926.5,25153.312
1047,31928.746,3290.495
1048,63267.8,23941.21
1049,143391.12,11229.014
1050,126226.08,18311.963
1051,123155.31,7903.6055
1052,26060.27,14590.595
1053,55910.793,6956.4614
1054,29280.885,4782.178
1055,44583.8,4901.783
1056,29342.838,9395.512
1057,120947.07,32101.938
1058,2932944.0,21503.896
1059,38063.832,6419.8857
1060,70265.5,29880.414
1061,185069.73,10187.32
1062,37255.66,5753.935
1063,94709.64,9859.161
1064,116372.85,7348.07
1065,20470.531,6609.433
1066,1214451.4,22090.248
1067,104167.82,31347.984
1068,408154.06,16231.908
1069,496499.22,35564.508
1070,621090.25,16204.61
1071,29809.111,4069.5325
1072,74187.836,7790.9277
1073,548025.8,24560.453
1074,99544.62,9061.698
1075,35506.61,2960.865
1076,348934.7,19658.85
1077,13947.242,3021.1938
1078,61091.285,12037.767
1079,283783.53,12718.57
1080,338983.5,10862.963
1081,350778.5,7460.336
1082,25903.629,13435.828
1083,269116.72,11273.684
1084,26642.752,3975.949
1085,94984.56,6375.537
1086,438457.25,48884.19
1087,246972.83,16297.644
1088,276395.62,46506.83
1089,114529.414,8254.932
1090,62288.016,4475.138
1091,109907.31,6943.0547
1092,1211443.0,75334.54
1093,49759.668,15919.715
1094,48641.445,5417.6523
1095,94672.414,6233.495
1096,141406.94,58178.42
1097,31120.104,3286.17
1098,222046.6,10537.961
1099,64007.17,8199.455
1100,68360.31,65717.18
1101,51289.523,5917.6084
1102,216905.14,9194.309
1103,226525.86,34400.47
1104,23133.564,4204.674
1105,258813.69,49321.316
1106,38563.875,7471.23
1107,65469.08,47264.105
1108,53649.727,4235.168
1109,22598.58,10053.8125
1110,30227.186,4765.2563
1111,31549.705,12782.464
1112,203159.0,18174.715
1113,1236290.9,48613.895
1114,80122.27,19909.564
1115,1626569.9,24695.14
1116,478529.53,107226.24
1117,114183.125,20315.453
1118,77774.07,5206.3193
1119,186870.66,10244.874
1120,31632.674,8308.421
1121,749199.6,20234.246
1122,88394.734,6456.683
1123,34356.117,7284.325
1124,2513970.0,22202.93
1125,1209031.2,123189.8
1126,33022.125,4284.9766
1127,150575.03,8109.9473
1128,30897.408,4862.3184
1129,3949129.2,94292.32
1130,1522312.1,26811.338
1131,31225.693,7348.453
1132,25423.693,7550.9185
1133,21038.684,5591.122
1134,103147.84,20826.871
1135,122764.61,28599.06
1136,83605.625,6157.1377
1137,65083.918,6996.3076
1138,87273.37,25118.732
1139,229571.8,28080.312
1140,44358.46,18334.334
1141,215056.9,50671.793
1142,42095.402,3871.937
1143,60540.277,9578.989
1144,96876.61,32413.504
1145,986220.94,30770.252
1146,329777.78,20306.064
1147,33816.12,5604.373
1148,59156.79,4434.828
1149,1034472.6,69501.59
1150,33938.086,8161.5737
1151,45384.45,6759.0215
1152,39162.055,16102.611
1153,370229.84,20507.424
1154,40657.52,3669.0833
1155,49273.36,4814.642
1156,91044.62,14247.244
1157,143168.05,19210.338
1158,952379.06,33131.258
1159,231662.52,12937.951
1160,712302.5,23185.107
1161,1422300.2,30104.176
1162,137086.55,15945.623
1163,39724.04,9813.914
1164,20089.316,4733.9805
1165,80267.47,68203.7
1166,37830.598,11116.658
1167,45214.746,16849.418
1168,89314.21,5947.9404
1169,36908.004,3649.136
1170,31817.74,7940.6987
1171,65046.56,6033.7783
1172,27795.959,16168.497
1173,246909.38,11301.296
1174,32331.79,6595.645
1175,345594.7,15065.59
1176,307312.88,115625.625
1177,90978.164,17683.787
1178,157083.39,13950.336
1179,318825.4,13494.358
1180,132968.5,11077.827
1181,24944.541,3577.3855
1182,184229.19,9653.789
1183,37205.137,6043.402
1184,177244.72,61395.492
1185,158534.67,6012.1143
1186,128578.98,9015.918
1187,2596647.2,125741.11
1188,182841.77,17975.959
1189,30093.434,7077.797
1190,122030.85,7473.634
1191,25971.635,4296.8374
1192,112311.22,16329.15
1193,19309.918,5307.998
1194,224392.05,8569.769
1195,41868.48,5337.2007
1196,8043659.5,401644.47
1197,297429.1,35693.68
1198,100440.26,123666.28
1199,43376.664,5204.496
1200,22513.09,4098.1035
1201,170968.22,7099.734
1202,444393.84,151185.33
1203,67590.914,5786.7183
1204,93253.79,8100.034
1205,294258.5,12163.29
1206,74440.45,23789.285
1207,65351.297,12800.47
1208,38108.62,9156.606
1209,48972.67,8827.732
1210,469358.28,24932.383
1211,64490.17,11501.5205
1212,1296033.0,48431.746
1213,727393.1,15256.955
1214,191177.56,12112.382
1215,69881.2,13091.852
1216,35654.24,5368.6025
1217,37153.09,11833.87
1218,27468.09,11376.541
1219,111353.61,17496.605
1220,114968.11,11561.966
1221,46809.69,3913.2075
1222,37123.77,3998.6616
1223,40766.496,4169.9927
1224,221502.62,23322.11
1225,52354.45,5302.4497
1226,143034.97,8512.33
1227,98988.875,8672.041
1228,86005.35,73745.4
1229,30222.805,10279.16
1230,49212.535,4182.7544
1231,36249.406,5950.929
1232,118417.336,21771.184
1233,314450.22,18462.344
1234,21702.377,2342.809
1235,522175.9,33008.207
1236,57764.758,10282.332
1237,42503.59,4175.078
1238,25499.844,4106.885
1239,145231.31,13346.581
1240,189862.02,15851.797
1241,212207.28,80325.75
1242,137473.77,9193.319
1243,134806.0,11578.887
1244,49928.39,8505.473
1245,69509.45,25984.385
1246,34742.848,3398.1821
1247,85331.98,5888.695
1248,96966.1,44451.73
1249,123893.92,25576.533
1250,400259.5,29853.525
1251,21180.762,2329.2014
1252,33521.348,20882.03
1253,73267.05,29693.898
1254,69939.69,29732.885
1255,334593.16,12341.236
1256,113525.09,25779.156
1257,55485.527,4021.071
1258,32829.51,8830.612
1259,1635373.1,25976.654
1260,168274.55,37776.43
1261,553849.8,27321.639
1262,330497.28,14915.633
1263,31742.023,8133.8105
1264,255408.1,46880.566
1265,9425289.0,116832.59
1266,49671.133,4766.732
1267,43293.543,4490.093
1268,55076.438,17878.781
1269,24049.492,4826.795
1270,36932.895,10174.22
1271,683745.75,29156.988
1272,292375.16,12615.888
1273,50022.605,6606.5166
1274,3489266.5,45875.12
1275,82560.875,10554.496
1276,36090.793,6903.853
1277,23411.467,4150.2173
1278,53417.91,8986.249
1279,118455.05,9000.661
1280,5952628.0,73659.54
1281,74240.64,9502.999
1282,44228.613,12507.125
1283,41519.973,7865.8906
1284,142393.78,29890.193
1285,49115.8,7833.8545
1286,28032.996,4937.7095
1287,135465.53,13551.818
1288,43582.082,4096.666
1289,22617.768,4136.181
1290,43437.0,27697.953
1291,87272.6,13171.511
1292,108129.96,28303.703
1293,25650.412,9861.977
1294,69434.17,8901.044
1295,98734.984,8638.756
1296,57508.15,5010.888
1297,61403.445,16106.8545
1298,102151.2,24341.63
1299,46617.203,6308.34
1300,94405.65,12031.345
1301,55544.836,4291.5825
1302,66585.695,29554.264
1303,27203.88,18135.166
1304,265013.12,8302.666
1305,102691.21,8041.0327
1306,243357.25,27408.742
1307,145698.64,8843.391
1308,67086.016,23336.068
1309,86053.72,26047.969
1310,410353.6,44996.547
1311,85072.38,19139.725
1312,87371.64,5837.2163
1313,34661.617,5366.858
1314,34103.15,4221.227
1315,34172.676,4586.366
1316,330433.78,31279.807
1317,81852.61,7212.457
1318,664809.44,16879.377
1319,97265.945,6457.7856
1320,124494.86,31519.756
1321,68158.11,6231.9688
1322,85474.695,25096.127
1323,78091.35,7721.179
1324,217787.14,14651.469
1325,145655.3,22504.984
1326,57713.85,7699.059
1327,79660.18,17081.361
1328,48916.14,4350.086
1329,32389.598,4687.709
1330,261534.58,19836.383
1331,28828.668,10245.516
1332,34549.34,5621.24
1333,39129.477,8364.727
1334,27357.03,11033.957
1335,58232.42,11005.004
1336,111590.805,8197.853
1337,28614.795,3094.1252
1338,349973.34,15595.468
1339,1007559.3,47729.33
1340,86722.79,23119.219
1341,3205354.5,124974.195
1342,75837.54,20884.3
1343,30233.955,6688.2666
1344,416903.16,11768.565
1345,186350.03,32242.207
1346,48080.098,7127.2573
1347,2446383.5,20259.076
1348,31289.664,9683.029
1349,37740.86,3719.709
1350,20717.146,4159.3203
1351,681361.9,13740.602
1352,98260.984,8295.272
1353,214627.34,10190.621
1354,253977.73,12365.949
1355,185105.1,21275.951
1356,4566365.5,25244.865
1357,1274466.9,40592.31
1358,45126.367,4248.341
1359,52402.645,12863.065
1360,34528.445,9471.744
1361,63793.746,15404.0
1362,158177.55,8610.627
1363,34577.953,6840.6113
1364,245175.06,14758.95
1365,354185.72,8630.968
1366,49491.32,4699.1826
1367,396322.03,20513.977
1368,4208796.5,25449.889
1369,41229.508,11035.653
1370,129739.695,34127.57
1371,52636.645,4171.779
1372,246582.39,10484.515
1373,39793.316,3892.4802
1374,84484.01,11409.189
1375,1333003.2,23616.041
1376,256922.39,45837.76
1377,829107.0,21916.115
1378,3122219.5,23942.34
1379,146023.1,33063.484
1380,55108.68,7316.4717
1381,35470.566,3551.776
1382,71497.125,34687.43
1383,88109.56,23055.29
1384,125688.11,7666.0103
1385,80632.72,10299.122
1386,2992470.5,124946.07
1387,365127.22,13348.823
1388,44569.95,10938.712
1389,211470.9,6968.3984
1390,113605.266,7051.5483
1391,95828.02,6271.441
1392,140172.31,19859.438
1393,80505.07,16021.26
1394,36607.336,6247.596
1395,48470.74,5385.0854
1396,111406.56,76074.89
1397,123291.28,17946.496
1398,1526905.4,23451.422
1399,22242.799,7108.591
1400,27205.047,17461.332
1401,44623.91,7781.327
1402,22527.852,5035.7017
1403,464651.78,19807.219
1404,51850.81,18109.936
1405,33813.67,8137.2183
1406,55462.87,4317.3945
1407,36353.914,8018.049
1408,262582.47,31610.87
1409,258101.12,22903.074
1410,335871.84,14296.762
1411,39383.0,10029.237
1412,79255.99,69873.68
1413,414409.06,55721.49
1414,43329.4,37921.836
1415,369519.16,46275.17
1416,278756.34,11599.908
1417,74881.23,13826.349
1418,40867.555,8907.198
1419,74986.21,5442.798
1420,1975437.8,55223.58
1421,59408.56,4792.6724
1422,89882.13,18985.264
1423,58058.2,10082.078
1424,797725.7,44957.04
1425,10196653.0,68812.14
1426,445746.94,35150.41
1427,122379.58,7683.3057
1428,99338.92,11860.341
1429,1498207.4,16358.58
1430,210497.28,34421.664
1431,65145.402,4757.274
1432,3306649.8,72529.016
1433,125761.55,10828.512
1434,46202.777,5302.8955
1435,138972.27,10131.948
1436,56058.996,20496.822
1437,1428035.1,211540.34
1438,358178.16,12718.208
1439,29263.338,3890.6108
1440,229452.6,13281.34
1441,80871.31,13292.968
1442,42149.098,4995.202
1443,40486.773,3261.4487
1444,45140.195,13213.923
1445,347998.84,10460.896
1446,1124702.9,20601.781
1447,1413967.0,56975.57
1448,1423057.9,22331.38
1449,94242.125,6369.499
1450,1659790.2,23420.697
1451,44452.266,4856.1987
1452,202658.17,7773.1895
1453,146347.97,30241.393
1454,100620.06,8524.096
1455,31094.146,6094.2393
1456,1025376.44,39781.39
1457,62813.746,23453.506
1458,203466.83,10254.946
1459,17703.914,3732.4812
1460,312350.2,50918.02
1461,75034.63,5510.1113
1462,34592.31,3861.2876
1463,119937.42,10449.498
1464,23653.07,10761.676
1465,98224.84,21534.635
1466,105306.97,7888.0786
1467,5908500.0,84739.484
1468,83772.766,14571.928
1469,121617.54,7599.5664
1470,3134654.0,340379.84
1471,28160.277,12599.733
1472,69906.37,10229.161
1473,155162.86,9023.905
1474,34146.46,7387.214
1475,41930.54,4009.1353
1476,3670711.0,67534.39
1477,26871.459,14941.416
1478,37753.336,3809.797
1479,72080.24,4956.713
1480,30737.193,4044.4832
1481,154405.92,20032.621
1482,124348.96,30162.338
1483,232618.06,23480.174
1484,46434.883,17267.041
1485,515910.06,16242.392
1486,104670.44,6630.759
1487,37161.25,4734.7236
1488,12371504.0,111004.85
1489,55914.66,4307.4653
1490,76314.07,5467.4927
1491,46631.176,5802.5825
1492,797025.25,20892.441
1493,226553.22,9731.503
1494,40075.246,6157.006
1495,41195.887,4101.9434
1496,272100.34,21099.314
1497,25670.979,7188.779
1498,38091.844,6218.456
1499,19543.754,4242.6494
1500,71990.234,54674.324
1501,75137.61,5271.3423
1502,26939.67,7386.1436
1503,130789.78,7854.503
1504,45662.754,3923.0007
1505,69193.07,9077.94
1506,88603.16,21217.584
1507,176674.47,9420.152
1508,26865.646,4505.352
1509,65628.06,48615.605
1510,37180.266,6422.5156
1511,30873.908,4187.232
1512,889184.25,17446.0
1513,186006.2,13414.219
1514,36296.203,7071.202
1515,225287.42,12649.397
1516,122818.13,7847.792
1517,29386.139,2975.7737
1518,2470221.8,42638.625
1519,89915.69,6093.216
1520,58851.14,4764.435
1521,251340.7,30545.062
1522,55052.375,4587.127
1523,437701.6,23638.766
1524,28660.168,8461.769
1525,949582.9,27649.762
1526,43167.617,4400.4297
1527,486140.03,19685.094
1528,18228.193,4484.3726
1529,28738.914,9354.621
1530,96741.195,9772.045
1531,93839.336,24075.25
1532,72979.06,5417.0693
1533,61865.305,11543.675
1534,46259.78,16597.355
1535,174967.0,28156.475
1536,18470.941,7083.639
1537,37848.46,7192.1577
1538,63619.438,7839.004
1539,2698591.0,40391.18
1540,1243687.6,28289.754
1541,26298.844,3766.0908
1542,514166.1,12475.293
1543,1494651.9,122127.766
1544,61944.625,5762.666
1545,451348.44,37259.832
1546,57445.043,4696.2456
1547,52698.406,5459.2925
1548,860209.4,15263.624
1549,112403.62,12071.676
1550,72678.0,10611.63
1551,119044.11,10712.058
1552,47503.37,8978.241
1553,852019.4,73944.766
1554,108650.62,19229.014
1555,1236900.5,66354.49
1556,64815.074,16902.355
1557,421611.78,20600.898
1558,33560.57,4679.8076
1559,142379.39,8697.468
1560,78940.66,9021.582
1561,83976.47,18403.572
1562,79118.88,5877.5913
1563,34191.332,6083.0986
1564,194647.34,22769.135
1565,40105.4,8146.113
1566,69596.82,8694.951
1567,69593.69,8515.116
1568,249528.69,13441.184
1569,201188.06,10243.378
1570,2673300.2,45100.02
1571,279199.56,19823.361
1572,375033.84,15292.912
1573,142461.34,12736.374
1574,119259.445,10682.671
1575,46722.555,8687.632
1576,474516.6,13303.101
1577,107232.836,17747.84
1578,99210.734,7962.3193
1579,69983.7,6796.6655
1580,157560.14,28738.535
1581,156111.61,38028.742
1582,150839.95,10292.001
1583,56781.098,12733.074
1584,44217.543,4556.3496
1585,669451.1,20035.305
1586,163925.08,10321.016
1587,48389.81,4303.4565
1588,34872.75,4020.444
1589,64095.08,5045.7744
1590,634025.7,23987.809
1591,150411.45,8922.096
1592,54886.76,14890.156
1593,88299.19,30266.54
1594,44653.07,17148.314
1595,60975.29,5350.0347
1596,239424.19,10666.028
1597,22739.754,4919.4844
1598,71528.22,6466.921
1599,93414.37,20566.32
1600,34567.02,3720.7627
1601,270227.34,15485.532
1602,76907.08,21141.402
1603,365491.4,15140.825
1604,82102.836,8163.1377
1605,179722.89,34157.223
1606,193183.58,43601.082
1607,252610.56,32760.559
1608,72042.98,38663.848
1609,44179.883,4140.78
1610,2741873.5,97021.266
1611,173789.72,22075.895
1612,55715.613,4817.1064
1613,62085.027,11746.388
1614,28666.871,9139.255
1615,163361.27,12382.307
1616,80727.59,17052.822
1617,180882.95,13548.441
1618,89503.484,36888.312
1619,222024.17,40969.36
1620,552253.4,20670.932
1621,78151.65,8528.763
1622,85823.3,55806.348
1623,75742.76,8820.742
1624,370686.22,13769.87
1625,2376474.5,50378.777
1626,26800.332,12064.892
1627,62871.773,22990.07
1628,65427.973,51715.777
1629,233033.72,26692.498
1630,40966.12,8314.083
1631,107089.65,23453.713
1632,129247.19,8279.285
1633,47611.094,3964.2256
1634,38796.863,8629.556
1635,34375.02,3015.6543
1636,388409.78,27271.08
1637,113387.69,7384.5986
1638,462802.03,37006.85
1639,1268237.0,12008.17
1640,306777.53,14967.111
1641,233523.19,21522.273
1642,41848.305,5009.0234
1643,116503.9,18693.797
1644,1262751.5,52942.098
1645,26969.826,2843.8474
1646,282432.0,12078.345
1647,76171.51,9827.867
1648,27308.322,12461.944
1649,112988.02,18969.033
1650,148107.66,16362.37
1651,62583.82,4499.148
1652,665393.6,38416.176
1653,41386.387,9017.952
1654,326393.5,22944.504
1655,164395.5,18436.559
1656,100351.414,6474.1675
1657,29076.076,10411.991
1658,311987.22,13233.567
1659,157173.62,9808.399
1660,458513.53,29438.453
1661,475908.16,54386.043
1662,120918.26,20169.322
1663,1528123.0,54130.355
1664,931729.4,34800.918
1665,64893.688,28963.219
1666,135940.67,20022.99
1667,35638.035,8788.744
1668,167861.75,43584.094
1669,24928.715,4200.676
1670,72520.58,15771.573
1671,116002.266,14561.579
1672,26603.465,10519.765
1673,38904.57,11531.665
1674,258247.39,11643.241
1675,578799.25,15842.192
1676,321279.25,38653.023
1677,787474.4,16475.328
1678,53288.098,4979.3228
1679,93292.7,5782.996
1680,67984.414,27313.51
1681,158919.3,9273.194
1682,54087.047,5296.893
1683,92621.945,6159.741
1684,34721.914,12068.019
1685,52496.914,4634.6562
1686,282775.2,11920.695
1687,64037.96,11090.703
1688,30729.164,9289.586
1689,1095718.8,41430.4
1690,465839.94,16433.541
1691,338089.2,12530.547
1692,255879.38,66955.19
1693,33303.805,6686.3574
1694,141279.69,7098.627
1695,26356.947,17885.143
1696,95179.055,35269.79
1697,318927.97,54524.934
1698,29506.28,3743.6304
1699,2014929.1,57503.477
1700,152635.23,8648.878
1701,97018.29,21644.361
1702,799345.0,59768.92
1703,3450582.0,54366.1
1704,44106.555,8086.625
1705,44723.87,4798.825
1706,30048.63,4079.9858
1707,35358.812,4899.8057
1708,24132.045,8716.453
1709,1095670.6,43098.52
1710,27591.596,4439.4956
1711,37341.62,11584.278
1712,546487.56,33574.207
1713,233742.5,14812.278
1714,384703.3,14628.001
1715,29404.115,6438.7656
1716,24194.79,3963.6096
1717,90631.11,7704.915
1718,51538.523,4446.281
1719,40138.305,3994.813
1720,29761.137,11122.519
1721,599729.0,13835.931
1722,66738.52,33639.63
1723,56462.797,9969.54
1724,142077.69,8299.654
1725,57259.47,17951.521
1726,32132.898,9299.582
1727,41923.035,15294.776
1728,1122333.1,31835.807
1729,30717.762,7654.362
1730,34574.043,6929.8257
1731,546297.44,21214.37
1732,593845.56,18477.127
1733,29616.926,6578.1396
1734,98681.99,6417.4897
1735,5747166.5,80151.31
1736,1484423.8,24919.713
1737,27627.186,12439.197
1738,3825358.2,30138.47
1739,40469.305,4014.0022
1740,34178.793,6251.343
1741,44658.855,7219.116
1742,624455.1,87691.38
1743,34483.812,4126.3813
1744,85626.766,17528.754
1745,90095.65,6086.633
1746,1387129.5,19405.986
1747,479986.6,35311.676
1748,39225.14,11670.951
1749,260556.34,15846.663
1750,83021.29,46470.945
1751,250316.77,14613.826
1752,96325.19,17158.938
1753,28983.164,2891.7876
1754,35796.78,3188.5515
1755,212284.89,19941.2
1756,29304.043,20381.809
1757,374592.7,25421.18
1758,318942.0,40579.16
1759,197943.27,39079.2
1760,148165.23,27145.252
1761,558473.56,92183.87
1762,67850.94,29885.271
1763,4341363.5,32523.588
1764,178564.17,34539.29
1765,518874.84,38145.082
1766,38730.086,6875.343
1767,187168.4,18362.84
1768,791083.75,30511.81
1769,454886.16,14336.027
1770,1124254.6,17268.045
1771,90907.47,103072.336
1772,160079.14,10429.313
1773,98170.18,6667.257
1774,138296.73,8484.319
1775,10655026.0,248427.02
1776,26828.684,8116.9673
1777,98525.984,6413.2563
1778,159570.42,13181.088
1779,163619.92,21144.7
1780,312021.47,15677.153
1781,39239.312,9062.444
1782,540116.8,13687.554
1783,56419.293,5363.0825
1784,109832.64,13559.722
1785,174475.9,9345.176
1786,173311.06,34811.16
1787,146052.28,18114.87
1788,57282.797,4254.7617
1789,25430.477,10536.989
1790,90447.1,10906.655
1791,70320.914,20579.332
1792,312120.16,21411.73
1793,62497.023,65424.168
1794,2825889.5,64076.574
1795,1587538.0,18812.209
1796,553459.5,83178.766
1797,37453.88,5719.563
1798,40094.61,3897.8518
1799,55239.348,8062.3867
1800,4420007.0,41111.617
1801,855973.5,54671.445
1802,247483.42,11387.801
1803,55217.637,7629.019
1804,44727.605,4383.3643
1805,401799.72,22452.191
1806,100066.78,6443.5215
1807,31007.45,3787.831
1808,255210.75,19908.102
1809,116168.984,148949.47
1810,491980.56,35420.324
1811,56423.508,12455.857
1812,283517.25,29640.152
1813,55668.285,18829.94
1814,28640.066,13856.256
1815,42980.336,6079.2026
1816,52021.367,6135.479
1817,21618.355,4234.9263
1818,40755.176,4011.3147
1819,30360.129,9986.757
1820,921387.4,37484.324
1821,266984.2,26949.137
1822,60384.008,7614.0024
1823,216187.83,10779.213
1824,393448.78,20953.227
1825,39787.33,4488.757
1826,25798.525,4163.3
1827,21974.738,3732.846
1828,320912.6,92419.29
1829,189997.78,9884.405
1830,230775.25,10578.662
1831,62183.54,22222.27
1832,458408.3,16735.164
1833,34449.566,7485.176
1834,37987.26,3835.34
1835,8841657.0,65020.996
1836,139713.52,7989.296
1837,254159.89,86191.016
1838,2091874.6,26820.73
1839,119935.97,9360.421
1840,32326.287,7471.1313
1841,45932.426,7761.276
1842,59996.348,6213.45
1843,100922.12,33549.74
1844,72855.45,24773.87
1845,44166.547,3840.9597
1846,479284.62,15681.233
1847,40494.152,6933.818
1848,901178.06,63733.605
1849,50488.03,22519.715
1850,56470.918,5617.924
1851,129956.97,10205.121
1852,54328.152,34446.73
1853,29164.096,8326.0
1854,210351.03,11075.613
1855,975401.5,162849.98
1856,40465.797,4181.604
1857,526456.6,14818.59
1858,37640.547,5185.212
1859,294290.8,14682.21
1860,24825.197,7591.423
1861,547265.2,17105.592
1862,39202.97,4120.688
1863,40532.586,8503.844
1864,2879649.5,19982.207
1865,4886761.0,81950.445
1866,34968.758,5623.3794
1867,512175.47,17819.578
1868,1062191.1,25564.377
1869,429614.16,27632.676
1870,26008.617,3468.516
1871,5618852.5,51146.29
1872,359042.0,21037.943
1873,121790.586,20354.033
1874,59235.176,5139.426
1875,446001.53,34096.523
1876,26949.55,6729.0435
1877,118291.805,12211.194
1878,53311.562,6377.6904
1879,190311.98,7302.896
1880,135493.34,8071.1416
1881,202153.05,10245.302
1882,14871.693,4511.953
1883,89803.91,7816.0444
1884,57506.316,4696.181
1885,1303133.1,34707.773
1886,111171.1,7003.2974
1887,83458.6,8530.331
1888,63256.133,43207.445
1889,51603.98,5093.004
1890,1451648.4,57999.902
1891,98859.516,6396.302
1892,69586.05,22489.941
1893,8039836.5,52471.56
1894,1559356.8,120425.25
1895,420502.25,11843.372
1896,81607.72,9388.561
1897,22040.8,4146.421
1898,493873.72,15656.099
1899,81293.195,19183.275
1900,40148.97,4065.0132
1901,60459.703,6301.715
1902,561605.8,16655.26
1903,73805.58,45242.56
1904,32780.418,4964.0327
1905,42590.85,13426.065
1906,48938.273,11921.978
1907,208772.16,12578.834
1908,33698.773,18210.648
1909,656487.44,16847.531
1910,26703.256,11102.155
1911,678155.56,16388.207
1912,20792.004,11376.616
1913,36855.887,3616.6697
1914,13325.042,3152.7942
1915,123193.72,10114.72
1916,67100.53,33446.387
1917,37964.87,3983.0623
1918,84958.04,31926.258
1919,106918.234,6896.2656
1920,37484.57,7514.5566
1921,436868.1,23296.926
1922,34783.46,3987.7488
1923,33802.832,6228.378
1924,59648.625,4668.279
1925,152413.84,24974.604
1926,2798763.2,68521.27
1927,210276.44,34983.695
1928,40353.812,15969.1875
1929,238825.06,15630.645
1930,409285.38,35991.625
1931,58036.15,49303.555
1932,365040.62,24492.404
1933,3816125.0,39547.57
1934,132351.08,8431.581
1935,91223.83,19965.87
1936,34446.504,8051.276
1937,51110.645,5731.0444
1938,435745.7,20195.182
1939,1706799.5,31234.506
1940,37665.64,4744.6865
1941,627589.44,24652.365
1942,97968.18,6329.351
1943,44734.63,9811.173
1944,39882.5,12008.658
1945,31987.836,4873.837
1946,129416.17,5821.075
1947,16388.729,2237.7302
1948,205016.83,95420.76
1949,32540.947,5585.3423
1950,53928.42,5378.2427
1951,125116.84,34071.223
1952,78700.586,7063.2837
1953,611502.06,59061.195
1954,44511.363,5150.5234
1955,122178.195,7845.242
1956,164328.55,40430.445
1957,101667.61,12545.744
1958,159199.77,11294.263
1959,73514.51,7002.621
1960,112651.586,15337.204
1961,130481.83,40725.43
1962,213994.62,33762.29
1963,121071.96,7570.098
1964,1320371.2,78753.055
1965,30586.541,6170.2227
1966,1143415.8,77070.555
1967,62469.1,5577.1094
1968,38642.586,3911.7234
1969,35579.938,7260.391
1970,77530.055,6288.8896
1971,582445.06,17882.611
1972,212566.64,43426.7
1973,61171.832,18442.408
1974,120579.125,9166.288
1975,502453.72,20301.674
1976,59036.75,16181.408
1977,246539.89,9249.024
1978,185792.9,9876.838
1979,384787.38,26903.342
1980,773276.4,51260.527
1981,140684.05,8706.697
1982,1484062.0,23007.469
1983,73424.164,22178.004
1984,214948.55,32611.768
1985,61938.574,4926.0215
1986,117941.26,47790.0
1987,140919.34,19442.436
1988,246981.5,13340.75
1989,42255.812,4075.0142
1990,29001.787,7172.62
1991,88185.445,10686.977
1992,73585.98,50182.465
1993,41129.406,8437.416
1994,47950.36,9883.353
1995,36203.227,3408.9822
1996,23817.59,4023.0405
1997,407061.16,9882.517
1998,20139.006,7583.142
1999,219465.03,43168.184
